"Customer Name","Location Name","Date","Program Name","Class Name","Component Type","Component ID","Component Name","Component Description","Performance Result Type","Rep Scheme","Fully Formatted Result","From Weightlifting Total","From Variable Set","Is Rx","Is Rx Plus","Is Personal Record","Personal Record Description","Comment"
"Dirigo Fitness",,12/13/1901,,,,0,,,,,,FALSE,FALSE,FALSE,FALSE,FALSE,,
"Dirigo Fitness","Dirigo Fitness",07/30/2018,"Adult Athlete","6:00 AM","Weightlifting",10085431,"DB Superman's","https://www.youtube.com/watch?v=A6RXOJ3FxUA","Weight",,"4 x 8 @ 5 lbs",FALSE,FALSE,FALSE,FALSE,FALSE,,
"Dirigo Fitness","Dirigo Fitness",08/13/2018,"Adult Athlete","5:30 P.M","Weightlifting",10099375,"Barbell RDL (DF)","<p>https://www.youtube.com/watch?v=mZxxJEncsyw</p>","Weight",,"3 x 10 @ 85 lbs",FALSE,FALSE,FALSE,FALSE,FALSE,,
"Dirigo Fitness","Dirigo Fitness",08/20/2018,"Adult Athlete","5:30 P.M","Weightlifting",10099375,"Barbell RDL (DF)","<p>https://www.youtube.com/watch?v=mZxxJEncsyw</p>","Weight",,"3 x 10 @ 85 lbs",FALSE,FALSE,FALSE,FALSE,FALSE,,
"Dirigo Fitness","Dirigo Fitness",07/10/2018,"Adult Athlete","5:30 P.M","Gymnastics",10100359,"Rack Pull Ups","https://www.youtube.com/watch?v=C7qIgpv_iQs","Max reps",,"3 x 8",FALSE,FALSE,FALSE,FALSE,FALSE,,
"Dirigo Fitness","Dirigo Fitness",07/24/2018,"Adult Athlete","5:30 P.M","Gymnastics",10100359,"Rack Pull Ups","https://www.youtube.com/watch?v=C7qIgpv_iQs","Max reps",,"3 x 8",FALSE,FALSE,FALSE,FALSE,FALSE,,
"Dirigo Fitness","Dirigo Fitness",07/10/2018,"Adult Athlete","5:30 P.M","Metcon",10100428,"Metcon","AMRAP 10 mins
200m Run / Row
15 Air Squats
45s Hollow Hold","AMRAP - Rounds",,"0 Rounds",FALSE,FALSE,FALSE,FALSE,FALSE,,
"Dirigo Fitness","Dirigo Fitness",08/08/2018,"Adult Athlete","5:30 P.M","Metcon",10275852,"Metcon","10 RFT
5 Box Jumps
10 T2P(Toes to Post)
20 Cal Row
5 Burpees
HR @ 85-88%","Time",,"43:37",FALSE,FALSE,FALSE,FALSE,FALSE,,
"Dirigo Fitness","Dirigo Fitness",09/08/2018,"Adult Athlete","8:00 AM","Metcon",10417762,"10 min Row MAX Calories","burn as many calories as possible!!","Calories",,"133 Calories",FALSE,FALSE,TRUE,FALSE,FALSE,,
"Dirigo Fitness","Dirigo Fitness",09/13/2018,"Adult Athlete","6:00 AM","Metcon",10519918,"Metcon","8 min AMRAP
Push ups x max reps
every time you fail you have to do 12 med ball slams
***count reps","AMRAP - Reps",,"50 Reps",FALSE,FALSE,TRUE,FALSE,FALSE,,
"Dirigo Fitness","Dirigo Fitness",09/27/2018,"Adult Athlete","6:00 AM","Weightlifting",10613092,"1 + 1/2(x2) Deadlift",,"Weight",,"4 x 5 @ 135 lbs",FALSE,FALSE,FALSE,FALSE,FALSE,,"elevated"
"Dirigo Fitness","Dirigo Fitness",10/04/2018,"Adult Athlete","6:00 AM","Weightlifting",10613092,"1 + 1/2(x2) Deadlift",,"Weight",,"1 x 5 @ 115 lbs",FALSE,FALSE,FALSE,FALSE,FALSE,,"elevated"
"Dirigo Fitness","Dirigo Fitness",10/11/2018,"Adult Athlete","6:00P.M","Weightlifting",10613092,"1 + 1/2(x2) Deadlift",,"Weight",,"1 x 5 @ 135 lbs",FALSE,FALSE,FALSE,FALSE,FALSE,,
"Dirigo Fitness","Dirigo Fitness",10/18/2018,"Adult Athlete","6:00 AM","Weightlifting",10613092,"1 + 1/2(x2) Deadlift",,"Weight",,"1 x 5 @ 145 lbs",FALSE,FALSE,FALSE,FALSE,TRUE,"PR by 10 lbs vs. 135 on 09/27/2018",
"Dirigo Fitness","Dirigo Fitness",10/04/2018,"Adult Athlete","6:00 AM","Metcon",10644845,"Metcon","4 RFT
-10 burpees
-8 DB Shoulder presses
-10 cal row","Time",,"9:30",FALSE,FALSE,FALSE,FALSE,FALSE,,
"Dirigo Fitness","Dirigo Fitness",10/22/2018,"Adult Athlete","6:00P.M","Weightlifting",10677966,"Snatch Grip RDL","https://www.youtube.com/watch?v=UhGKQNVRhaI","Weight",,"3 x 10 @ 115 lbs",FALSE,FALSE,FALSE,FALSE,FALSE,,
"Dirigo Fitness","Dirigo Fitness",10/18/2018,"Adult Athlete","6:00 AM","Metcon",10702087,"Metcon","6 RFT
-10 Push Ups
-10 KB Cleans","Time",,"7:30",FALSE,FALSE,FALSE,FALSE,FALSE,,
"Beacon & Yarmouth Community Fitness","Beacon & Yarmouth Community Fitness",12/13/2018,"CrossFit","7:00 AM CrossFit","Weightlifting",11014651,"Slow/Pause Snatch","*5-second pull from floor to knee, then full speed to catch + 3-sec pause before standing up","Weight","10 singles","1 x 10 @ 35 lbs",FALSE,FALSE,FALSE,FALSE,FALSE,,
"Beacon & Yarmouth Community Fitness","Beacon & Yarmouth Community Fitness",12/13/2018,"CrossFit","7:00 AM CrossFit","Metcon",11113024,"That Sit","Alternating OTM for 12 min
30 sec AMCAP bike
30 sec AMRAP DB push presses (50/35#)
30 sec AMRAP sit-ups","Each Round",,"175 Total Reps",FALSE,FALSE,FALSE,FALSE,FALSE,,"4 rounds 30 secs each"
"CrossFit Yarmouth",,02/17/2020,,,"Metcon",123,"Fran","21-15-9  
Thrusters, 95# / 65#  
Pull-ups","Time",,"5:30",FALSE,FALSE,FALSE,FALSE,FALSE,,"55# + jumping pull ups. Failed  2/3 way through due to sick?"
"CrossFit Yarmouth",,02/17/2020,,,"Metcon",128,"Grace","For Time:  
30 Clean and Jerks, 135# / 95#","Time",,"3:13",FALSE,FALSE,FALSE,FALSE,FALSE,,"75#"
"CrossFit Yarmouth","CrossFit Yarmouth",05/08/2021,"CrossFit","CrossFit: 9:30 AM","Metcon",128,"Grace","For Time:  
30 Clean and Jerks, 135# / 95#","Time",,"3:48",FALSE,FALSE,FALSE,FALSE,FALSE,,"'@75#"
"CrossFit Yarmouth","CrossFit Yarmouth",06/18/2024,"CrossFit","CrossFit: 12:00 PM","Metcon",128,"Grace","For Time:  
30 Clean and Jerks, 135# / 95#","Time",,"2:57",FALSE,FALSE,FALSE,FALSE,TRUE,,"75#, try 85 next time "
"Dirigo Fitness","Dirigo Fitness",07/30/2018,"Adult Athlete","6:00 AM","Weightlifting",1289495,"Close Grip Bench Press","Close Grip means hands in Push-Up position","Weight",,"5 x 6 @ 75 lbs",FALSE,FALSE,FALSE,FALSE,FALSE,,"31x1"
"Dirigo Fitness","Dirigo Fitness",08/06/2018,"Adult Athlete","5:30 P.M","Weightlifting",1289495,"Close Grip Bench Press","Close Grip means hands in Push-Up position","Weight",,"5 x 4 @ 105 lbs",FALSE,FALSE,FALSE,FALSE,TRUE,"PR by 30 lbs vs. 75 on 07/30/2018",
"Dirigo Fitness","Dirigo Fitness",08/13/2018,"Adult Athlete","5:30 P.M","Weightlifting",1289495,"Close Grip Bench Press","Close Grip means hands in Push-Up position","Weight",,"5 x 4 @ 115 lbs",FALSE,FALSE,FALSE,FALSE,TRUE,"PR by 10 lbs vs. 105 on 08/06/2018",
"CrossFit Yarmouth","CrossFit Yarmouth",03/02/2020,"CrossFit","CrossFit: 5:30 PM","Metcon",15065799,"Metcon","5 rounds for time:

12 overhead squats (95/65)
12 push jerks (95/65)
160 ft farmer's carry (70/53)","Time",,"12:58",FALSE,FALSE,FALSE,FALSE,FALSE,,"55# OHS and FS, 53# KB"
"CrossFit Yarmouth","CrossFit Yarmouth",03/03/2020,"CrossFit","CrossFit: 5:30 PM","Metcon",15065895,"Metcon","AMRAP in 9 minutes
16 weighted step ups (53/35)
30 Russian KB swings (53/35)
16 push ups ","AMRAP - Rounds and Reps",,"3 + 4",FALSE,FALSE,FALSE,FALSE,FALSE,,
"CrossFit Yarmouth","CrossFit Yarmouth",02/15/2023,"CrossFit","HOME WOD","Weightlifting",15470827,"Paused Bench","5 X3","Weight","Building to a heavy triple-3 second pause at the bottom","5 x 3 @ 125 lbs",FALSE,FALSE,FALSE,FALSE,FALSE,,"Slow down, 3 secs at bottom "
"CrossFit Yarmouth","CrossFit Yarmouth",03/28/2022,"CrossFit","CrossFit: 4:30 PM","Metcon",155,"Karen","For Time:  
150 Wall-Ball Shots, 20# / 14#","Time",,"7:17",FALSE,FALSE,FALSE,FALSE,FALSE,,"14#"
"CrossFit Yarmouth",,05/04/2019,,,"Metcon",156,"Kelly","5 Rounds for time of:  
400m Run  
30 Box Jumps, 24'' / 20''  
30 Wall-Ball Shots, 20# / 14#","Time",,"26:45",FALSE,FALSE,FALSE,FALSE,FALSE,,"Did balls first"
"CrossFit Yarmouth","CrossFit Yarmouth",07/01/2020,"CrossFit","CrossFit: 4:30 PM","Metcon",16654274,"Metcon","5 rds for time:
30 double unders
12 hollow rocks","Time",,"12:00",FALSE,FALSE,FALSE,FALSE,FALSE,,"Just practicing adding results "
"CrossFit Yarmouth","CrossFit Yarmouth",07/06/2020,"CrossFit","CrossFit: 5:30 PM","Metcon",16673226,"Metcon","AMCAP (rower or bike) in 20 seconds x 5 (2 minutes rest in between bouts) score is total calories for all rounds","Calories",,"37 Calories",FALSE,FALSE,FALSE,FALSE,FALSE,,"Biking "
"CrossFit Yarmouth","CrossFit Yarmouth",07/15/2020,"CrossFit","CrossFit: 4:30 PM","Metcon",16839493,"Metcon","Tabatas:

1. Bike/Row calories
2. Strict pull ups

Half do the machine tabata first and half the pull ups-then switch","AMRAP - Reps",,"26 Reps",FALSE,FALSE,FALSE,FALSE,FALSE,,"Cals on the bike only"
"CrossFit Yarmouth","CrossFit Yarmouth",07/23/2020,"CrossFit","CrossFit: 4:30 PM","Metcon",16973353,"Metcon","Courtesy of Chris Spealler:
1 round for time:
40 strict pull ups
80 box jump overs
120 air squats
(weight vest optional)","Time",,"12:00",FALSE,FALSE,FALSE,FALSE,FALSE,,"All the reps, strap and inverted pull ups, jumps and step overs. So almost cheated the whole thing "
"CrossFit Yarmouth","CrossFit Yarmouth",07/29/2020,"CrossFit","CrossFit: 12:00 PM","Metcon",17061549,"Metcon","4 rounds for time:
400 m run
20 DB/KB snatches
","Time",,"13:00",FALSE,FALSE,FALSE,FALSE,FALSE,,"25lb snatches. Elbows hurt"
"CrossFit Yarmouth","CrossFit Yarmouth",08/01/2020,"CrossFit","CrossFit: 9:30 AM","Metcon",17083166,"Metcon","Team Macho Man
30 minute EMOM, teammates alternating minutes:
3 power cleans
3 front squats
3 push jerks
185/135","Weight",,"95 lbs",FALSE,FALSE,FALSE,FALSE,FALSE,,"Max weight possible. Maybe a bit more early in the workout . Shoulder and arms felt okay, "
"CrossFit Yarmouth","CrossFit Yarmouth",07/31/2020,"CrossFit","CrossFit: 12:00 PM","Metcon",17083210,"Metcon","AMRAP in 8
10 clean and jerks
200 m run
40 air squats
(135/95)","AMRAP - Rounds and Reps",,"2 + 9",FALSE,FALSE,FALSE,FALSE,FALSE,,"55 lbs. no shoulder pain. Elbows though. Form crappy "
"CrossFit Yarmouth","CrossFit Yarmouth",08/04/2020,"CrossFit","CrossFit: 12:00 PM","Metcon",17089487,"Metcon","3 rounds for time:
50 double unders
40 wallballs (20/14)
30 box jumps (24/20)
20 burpees","Time",,"19:15",FALSE,FALSE,FALSE,FALSE,FALSE,,"10lb ball, step ups, shoulder pretty good considering yesterday "
"CrossFit Yarmouth","CrossFit Yarmouth",08/05/2020,"CrossFit","SCORES SCORES SCORES","Metcon",17145627,"Metcon","AMRAP in 10
3 squat cleans (155/105)
6 bar facing burpees
","AMRAP - Rounds and Reps",,"7 + 3",FALSE,FALSE,FALSE,FALSE,FALSE,,"95#.  That was max"
"CrossFit Yarmouth","CrossFit Yarmouth",08/08/2020,"CrossFit","CrossFit: 9:30 AM","Metcon",17168382,"Metcon","5 rounds for time
500 m row or 400 m run
10 HSPU (or 6 strict)
5 back squats (75% of 1 RM)","Time",,"19:05",FALSE,FALSE,FALSE,FALSE,FALSE,,"135# 25# shoulder presses "
"CrossFit Yarmouth","CrossFit Yarmouth",08/20/2020,"CrossFit","CrossFit: 4:30 PM","Metcon",17275480,"Metcon","w/ a 30 minute cap:
60 deadlift
30 cal bike or row
45 hang power clean
30 cal bike or row
30 push jerk
30 cal bike or row
(155/105)","Time",,"18:03",FALSE,FALSE,FALSE,FALSE,FALSE,,"75# was all I had "
"CrossFit Yarmouth","CrossFit Yarmouth",02/15/2023,"CrossFit","HOME WOD","Metcon",1915125,"CrossFit Games Open 12.1","7-Minute AMRAP of:
Burpees to a 6"" target","AMRAP - Reps",,"69 Reps",FALSE,FALSE,FALSE,FALSE,FALSE,,
"CrossFit Yarmouth","CrossFit Yarmouth",05/12/2021,"CrossFit","CrossFit: 5:30 PM","Metcon",20739749,"Metcon","5 rounds for time:
200 m run or 300 m row
10 back squats (155/105)","Time",,"10:02",FALSE,FALSE,FALSE,FALSE,FALSE,,"At 95 pounds for the squats limited by ability to clean and get overhead "
"CrossFit Yarmouth","CrossFit Yarmouth",05/17/2021,"CrossFit","CrossFit: 5:30 PM","Metcon",20819172,"Metcon","Every 90 seconds x 10:
1 clean deadlift
1 clean pull from low hang
1 hang power clean
1 squat clean

Build to a heavy complex with impeccable form","Weight",,"120 lbs",FALSE,FALSE,FALSE,FALSE,FALSE,,
"CrossFit Yarmouth","CrossFit Yarmouth",05/17/2021,"CrossFit","CrossFit: 5:30 PM","Metcon",20819313,"Metcon","10 rounds for time:
3 power cleans (155/105)
7 push ups
10 air squats","Time",,"7:45",FALSE,FALSE,FALSE,FALSE,FALSE,,"75 #"
"CrossFit Yarmouth","CrossFit Yarmouth",05/19/2021,"CrossFit","CrossFit: 5:30 PM","Metcon",20819397,"Metcon","AMRAP in 8:
100 m suitcase carry (53/35)
5 hang power snatches (95/65)
5 bar facing burpees","AMRAP - Rounds and Reps",,"4 + 0",FALSE,FALSE,FALSE,FALSE,FALSE,,
"CrossFit Yarmouth","CrossFit Yarmouth",05/24/2021,"CrossFit","CrossFit: 5:30 PM","Metcon",20832664,"Metcon","21-15-9
pull ups
front squats (115/75)","Time",,"7:21",FALSE,FALSE,FALSE,FALSE,FALSE,,
"CrossFit Yarmouth","CrossFit Yarmouth",05/25/2021,"CrossFit","CrossFit: 5:30 PM","Metcon",20832699,"Metcon","AMRAP in 22 Minutes:
400 m run or row
15 wall ball shots
15 strict hanging knee raises
15 Russian KB swings","AMRAP - Rounds and Reps",,"5 + 0",FALSE,FALSE,FALSE,FALSE,FALSE,,
"CrossFit Yarmouth","CrossFit Yarmouth",05/31/2021,"CrossFit","CrossFit: 8:30 AM","Metcon",20935896,"Metcon","For time:
1-mile run
100 pull-ups
200 push-ups
300 squats
1-mile run

Partition the pull-ups, push-ups, and squats as needed, or break into 5 rounds of 20, 40, 60, as done at this year’s CrossFit Games. If you've got a 20-lb. vest or body armor, wear it.","Time",,"39:44",FALSE,FALSE,FALSE,FALSE,FALSE,,"Half Murph with Marisa. She waited for me "
"CrossFit Yarmouth","CrossFit Yarmouth",06/01/2021,"CrossFit","CrossFit: 5:30 PM","Metcon",20936036,"Metcon","AMRAP  in  8:
1 minute plank hold
8 push presses (115/75)
10 bar facing burpees","AMRAP - Rounds and Reps",,"3 + 19",FALSE,FALSE,FALSE,FALSE,FALSE,,
"CrossFit Yarmouth","CrossFit Yarmouth",06/02/2021,"CrossFit","CrossFit: 5:30 PM","Metcon",21000052,"Metcon","AMRAP in 7:
10 hang power cleans (95/65)
10 front rack lunges (95/65)
10 alt dumbbell snatches (50/35)","AMRAP - Rounds and Reps",,"3 + 20",FALSE,FALSE,FALSE,FALSE,FALSE,,
"CrossFit Yarmouth","CrossFit Yarmouth",06/15/2021,"CrossFit","CrossFit: 5:30 PM","Metcon",21186475,"Metcon","AMRAP in 22
Buy-in:  800 m run or row
Then:
12 box jumps (24/20)
8 toes to bar
12 KB swings (53/35)
8 Goblet Squats (53/35)","AMRAP - Rounds and Reps",,"7 + 11",FALSE,FALSE,FALSE,FALSE,FALSE,,"35 lbs "
"CrossFit Yarmouth","CrossFit Yarmouth",06/25/2021,"CrossFit","CrossFit: 4:30 PM","Metcon",21289869,"Metcon","Class Rope Climb Challenge:
7 minutes to accumulate max rope climbs as a class","AMRAP - Reps",,"4 Reps",FALSE,FALSE,FALSE,FALSE,FALSE,,
"CrossFit Yarmouth","CrossFit Yarmouth",06/25/2021,"CrossFit","CrossFit: 4:30 PM","Metcon",21289881,"Metcon","3 rounds for time:
7 Handstand push ups
15 KB swings (70/53)","Time",,"2:15",FALSE,FALSE,FALSE,FALSE,FALSE,,
"CrossFit Yarmouth","CrossFit Yarmouth",07/19/2021,"CrossFit","CrossFit: 4:30 PM","Metcon",21643692,"Metcon","4 rounds for time:
20 KB Swings
12 Goblet squats
 50 double unders","Time",,"8:30",FALSE,FALSE,FALSE,FALSE,FALSE,,
"CrossFit Yarmouth","CrossFit Yarmouth",07/21/2021,"CrossFit","CrossFit: 4:30 PM","Metcon",21643950,"Metcon","AMRAP in 8:
7 Handstand pushups
 25 Box jumps (24/20)","AMRAP - Rounds and Reps",,"4 + 15",FALSE,FALSE,FALSE,FALSE,FALSE,,"Pike on box "
"CrossFit Yarmouth","CrossFit Yarmouth",08/04/2021,"CrossFit","CrossFit: 4:30 PM","Metcon",21825295,"Metcon","3 rounds for time:
12 push ups
10 hollow rocks
200 m run","Time",,"4:29",FALSE,FALSE,FALSE,FALSE,FALSE,,
"Dirigo Fitness","Dirigo Fitness",05/30/2018,"Adult Athlete","5:30 P.M","Weightlifting",22,"Back Squat",,"Weight",,"4 x 4 @ 0 lbs",FALSE,FALSE,FALSE,FALSE,FALSE,,
"Dirigo Fitness","Dirigo Fitness",09/03/2018,"Adult Athlete","6:00 AM","Weightlifting",22,"Back Squat",,"Weight",,"1 x 1 @ 180 lbs",FALSE,FALSE,FALSE,FALSE,FALSE,,
"Dirigo Fitness","Dirigo Fitness",09/11/2018,"Adult Athlete","6:00 AM","Weightlifting",22,"Back Squat",,"Weight",,"1 x 10 @ 115 lbs",FALSE,FALSE,FALSE,FALSE,FALSE,,"31x1"
"Dirigo Fitness","Dirigo Fitness",09/18/2018,"Adult Athlete","5:30 P.M","Weightlifting",22,"Back Squat",,"Weight",,"4 x 10 @ 110 lbs",FALSE,FALSE,FALSE,FALSE,FALSE,,
"Dirigo Fitness","Dirigo Fitness",09/25/2018,"Adult Athlete","6:00 AM","Weightlifting",22,"Back Squat",,"Weight",,"1 x 10 @ 115 lbs",FALSE,FALSE,FALSE,FALSE,FALSE,,"32x1"
"Dirigo Fitness","Dirigo Fitness",10/09/2018,"Adult Athlete","6:00 AM","Weightlifting",22,"Back Squat",,"Weight",,"4 x 10 @ 100 lbs",FALSE,FALSE,FALSE,FALSE,FALSE,,
"Dirigo Fitness","Dirigo Fitness",11/06/2018,"Adult Athlete","6:00 AM","Weightlifting",22,"Back Squat",,"Weight",,"1 x 8 @ 125 lbs",FALSE,FALSE,FALSE,FALSE,FALSE,,"31x1"
"Dirigo Fitness","Dirigo Fitness",11/13/2018,"Adult Athlete","6:00P.M","Weightlifting",22,"Back Squat",,"Weight",,"2 x 6 @ 145 lbs",FALSE,FALSE,FALSE,FALSE,FALSE,,"31x1"
"Dirigo Fitness","Dirigo Fitness",11/20/2018,"Adult Athlete","6:00P.M","Weightlifting",22,"Back Squat",,"Weight","4 x 6(31x1)*2 min rest between sets","2 x 6 @ 145 lbs",FALSE,FALSE,FALSE,FALSE,FALSE,,"31x1"
"Beacon & Yarmouth Community Fitness","Beacon & Yarmouth Community Fitness",12/17/2018,"Strict Strength and Skills"," 5:45 Core FUNction","Weightlifting",22,"Back Squat",,"Weight",,"1 x 8 @ 165 lbs",FALSE,FALSE,FALSE,FALSE,FALSE,,
"Beacon & Yarmouth Community Fitness","Beacon & Yarmouth Community Fitness",12/27/2018,"CrossFit","7:00 AM CrossFit","Weightlifting",22,"Back Squat",,"Weight","1 RM","1 x 1 @ 185 lbs",FALSE,FALSE,FALSE,FALSE,TRUE,"PR by 20 lbs vs. 165 on 12/17/2018",
"CrossFit Yarmouth",,02/17/2020,,,"Weightlifting",22,"Back Squat",,"Weight",,"1 x 1 @ 205 lbs",FALSE,FALSE,FALSE,FALSE,TRUE,"PR by 20 lbs vs. 185 on 12/27/2018",
"CrossFit Yarmouth",,10/21/2019,,,"Weightlifting",22,"Back Squat",,"Weight",,"1 x 5 @ 170 lbs",FALSE,FALSE,FALSE,FALSE,FALSE,,
"CrossFit Yarmouth","CrossFit Yarmouth",07/06/2020,"CrossFit","CrossFit: 5:30 PM","Weightlifting",22,"Back Squat",,"Weight","10-10-10","4 x 10 @ 165 lbs",FALSE,FALSE,FALSE,FALSE,TRUE,,"A few warm ups at same weight "
"CrossFit Yarmouth","CrossFit Yarmouth",07/31/2020,"CrossFit","CrossFit: 12:00 PM","Weightlifting",22,"Back Squat",,"Weight","6-6-6-6-6","5 x 6 @ 155 lbs",FALSE,FALSE,FALSE,FALSE,FALSE,,"Could’ve 165 maybe "
"CrossFit Yarmouth",,08/24/2020,,,"Weightlifting",22,"Back Squat",,"Weight","5x5x3x3x3","5 x 3 @ 185 lbs",FALSE,FALSE,FALSE,FALSE,FALSE,,"Might’ve done 190"
"CrossFit Yarmouth","CrossFit Yarmouth",05/12/2021,"CrossFit","CrossFit: 5:30 PM","Weightlifting",22,"Back Squat",,"Weight","2-2-2-2-AMRAP","1 x 3 @ 205 lbs",FALSE,FALSE,FALSE,FALSE,TRUE,"PR by 2 reps vs. 1 on 02/17/2020","2x2x2x2 at 185#. PR for me "
"CrossFit Yarmouth","CrossFit Yarmouth",08/09/2021,"CrossFit","CrossFit: 4:30 PM","Weightlifting",22,"Back Squat",,"Weight","6-4-2 6-4-2","2 x 2 @ 205 lbs",FALSE,FALSE,FALSE,FALSE,FALSE,,
"CrossFit Yarmouth","CrossFit Yarmouth",01/10/2022,"CrossFit","HOME WOD","Weightlifting",22,"Back Squat",,"Weight","5-5-5-5-5","5 x 5 @ 175 lbs",FALSE,FALSE,FALSE,FALSE,TRUE,"PR by 5 lbs vs. 170 on 10/21/2019","Final reps were at #185"
"CrossFit Yarmouth","CrossFit Yarmouth",03/02/2022,"CrossFit","HOME WOD","Weightlifting",22,"Back Squat",,"Weight","3-3-3-3-3","5 x 3 @ 200 lbs",FALSE,FALSE,FALSE,FALSE,FALSE,,"4 sets at 195. Then 2 sets at 215. Final bonus set at 220"
"CrossFit Yarmouth","CrossFit Yarmouth",03/21/2022,"CrossFit","CrossFit: 4:30 PM","Weightlifting",22,"Back Squat",,"Weight","3-3-3-3-3","5 x 3 @ 215 lbs",FALSE,FALSE,FALSE,FALSE,TRUE,"PR by 10 lbs vs. 205 on 02/17/2020","Last reps at 225"
"CrossFit Yarmouth","CrossFit Yarmouth",04/11/2022,"CrossFit","CrossFit: 9:00 AM","Weightlifting",22,"Back Squat",,"Weight","10-10-10","3 x 10 @ 145 lbs",FALSE,FALSE,FALSE,FALSE,FALSE,,
"CrossFit Yarmouth","CrossFit Yarmouth",11/07/2022,"CrossFit","CrossFit: 4:30 PM","Weightlifting",22,"Back Squat",,"Weight","12-12-12","3 x 12 @ 155 lbs",FALSE,FALSE,FALSE,FALSE,FALSE,," "
"CrossFit Yarmouth",,04/13/2023,,,"Weightlifting",22,"Back Squat",,"Weight",,"4 x 7 @ 185 lbs",FALSE,FALSE,FALSE,FALSE,FALSE,,"Final set was actually 195"
"CrossFit Yarmouth",,04/13/2023,,,"Weightlifting",22,"Back Squat",,"Weight",,"1 x 5 @ 215 lbs",FALSE,FALSE,FALSE,FALSE,TRUE,"PR by 2 reps vs. 3 on 03/21/2022","Why not?"
"CrossFit Yarmouth","CrossFit Yarmouth",07/06/2023,"CrossFit","CrossFit: 4:30 PM","Weightlifting",22,"Back Squat",,"Weight","3-3-AMRAP","1 x 5 @ 215 lbs",FALSE,FALSE,FALSE,FALSE,FALSE,," "
"CrossFit Yarmouth",,10/18/2023,,,"Weightlifting",22,"Back Squat",,"Weight",,"2 x 5 @ 215 lbs",FALSE,FALSE,FALSE,FALSE,TRUE,"PR by 1 sets vs. 1 on 04/13/2023",
"CrossFit Yarmouth",,04/22/2024,,,"Weightlifting",22,"Back Squat",,"Weight",,"1 x 3 @ 235 lbs",FALSE,FALSE,FALSE,FALSE,TRUE,"PR by 20 lbs vs. 215 on 03/21/2022","Part of lighter strength "
"CrossFit Yarmouth","CrossFit Yarmouth",04/22/2024,"CrossFit","CrossFit: 12:00 PM","Weightlifting",22,"Back Squat",,"Weight","3-3-3-3-AMRAP","5 x 3 @ 205 lbs",FALSE,FALSE,FALSE,FALSE,FALSE,,
"CrossFit Yarmouth","CrossFit Yarmouth",07/29/2024,"CrossFit","CrossFit: 5:30 PM","Weightlifting",22,"Back Squat",,"Weight","5-3-1-5-3-1","1 x 2 @ 235 lbs",FALSE,FALSE,FALSE,FALSE,FALSE,,"Part of lighter strength"
"CrossFit Yarmouth","CrossFit Yarmouth",08/13/2024,"CrossFit","CrossFit: 12:00 PM","Weightlifting",22,"Back Squat",,"Weight","10-10-10","1 x 10 @ 185 lbs",FALSE,FALSE,FALSE,FALSE,TRUE,"PR by 20 lbs vs. 165 on 07/06/2020","Felt good despite hiking. Maybe 190"
"CrossFit Yarmouth","CrossFit Yarmouth",09/23/2024,"CrossFit","HOME WOD","Weightlifting",22,"Back Squat",,"Weight",,"0 x 0 @ 0 lbs",FALSE,FALSE,FALSE,FALSE,FALSE,,
"CrossFit Yarmouth","CrossFit Yarmouth",01/10/2022,"CrossFit","HOME WOD","Metcon",23910317,"Metcon","AMRAP 12:
7 box jumps (30/24 in)
14 KB swings (70/53)","AMRAP - Rounds and Reps",,"9 + 0",FALSE,FALSE,FALSE,FALSE,FALSE,,"#53 , step ups with #10 dumbbell "
"CrossFit Yarmouth","CrossFit Yarmouth",01/12/2022,"CrossFit","HOME WOD","Metcon",23910407,"Metcon","3 Rounds:

Tabata of Bar Facing Burpees (20 seconds on, 10 seconds off x 8)

rest 1 minute

EMOM for 5

2 Power Cleans (155/105)","AMRAP - Reps",,"11 Reps",FALSE,FALSE,FALSE,FALSE,FALSE,,"#115 squat cleans. Rowed 2k plus push ups and pull ups instead of burpees "
"CrossFit Yarmouth","CrossFit Yarmouth",01/27/2022,"CrossFit","CrossFit: 5:30 PM","Metcon",24105952,"Metcon","100 double-unders
21 front squats (115/75 lb)
21 push presses (115/75 lb)
100 double-unders
15 front squats
15 push presses
100 double-unders
9 front squats
9 push presses","Time",,"9:42",FALSE,FALSE,FALSE,FALSE,FALSE,,"75#"
"CrossFit Yarmouth","CrossFit Yarmouth",01/31/2022,"CrossFit","HOME WOD","Metcon",24171817,"Metcon","For time:
50 wall balls (20/24)
50 burpees
50 push ups
50 toes to bar
50 calories
50 sit ups","Time",,"22:47",FALSE,FALSE,FALSE,FALSE,FALSE,,"Dumbbell thrusters, knee raises, rowing "
"CrossFit Yarmouth","CrossFit Yarmouth",02/01/2022,"CrossFit","CrossFit: 4:30 PM","Metcon",24172172,"Metcon","For reps:
1:00 squat cleans (115/165 lb)
Rest 3:00
1:00 squat cleans (125/185 lb)
Rest 3:00
1:00 squat cleans (135/205 lb)
Rest 3:00
1:00 squat cleans (115/165 lb)
Rest 3:00
1:00 squat cleans (125/185 lb)
Rest 3:00
1:00 squat cleans (135/205 lb)","AMRAP - Reps",,"32 Reps",FALSE,FALSE,FALSE,FALSE,FALSE,,"65 to 95 focusing on form"
"CrossFit Yarmouth","CrossFit Yarmouth",02/02/2022,"CrossFit","HOME WOD","Metcon",24172549,"Metcon","For time:
400-m row or ski
Rest 1:00
800-m row or ski
Rest 2:00
1,200-m row or ski
Rest 3:00
1,600-m row or ski","Time",,"23:19",FALSE,FALSE,TRUE,FALSE,FALSE,,"Row at home "
"CrossFit Yarmouth","CrossFit Yarmouth",02/07/2022,"CrossFit","CrossFit: 9:00 AM","Metcon",24260201,"Metcon","3 rounds for time:
15 KB swings (53/35 lb) (American style)
20 box jumps (24/20 in)
250-m row","Time",,"9:15",FALSE,FALSE,FALSE,FALSE,FALSE,,
"CrossFit Yarmouth","CrossFit Yarmouth",03/01/2022,"CrossFit","HOME WOD","Metcon",24509810,"Metcon","AMRAP 25:
20 push-ups
30 sit-ups
28/40-cal. row","AMRAP - Rounds and Reps",,"4 + 3",FALSE,FALSE,FALSE,FALSE,FALSE,,
"CrossFit Yarmouth","CrossFit Yarmouth",03/02/2022,"CrossFit","HOME WOD","Metcon",24509846,"Metcon","AMRAP 10:
7/10-cal. Echo bike
10 strict handstand push-ups","AMRAP - Rounds and Reps",,"5 + 10",FALSE,FALSE,FALSE,FALSE,FALSE,,"Pike PU from box"
"CrossFit Yarmouth","CrossFit Yarmouth",03/07/2022,"CrossFit","CrossFit: 9:00 AM","Metcon",24567048,"CrossFit Games Open 22.2 Scaled (Ages 16-54)","1-2-3-4-5-6-7-8-9-10-9-8-7-6-5-4-3-2-1 reps for time of:
Deadlifts
Bar-facing burpees
Time cap: 10 minutes

F: 95-lb Barbell, may step over on burpees
M: 135-lb Barbell, may step over on burpees","Time",,"10:00",FALSE,FALSE,FALSE,FALSE,FALSE,,"90 reps @ 175"
"CrossFit Yarmouth","CrossFit Yarmouth",03/08/2022,"CrossFit","CrossFit: 4:30 PM","Metcon",24586650,"Metcon","4 rounds for time:
400/500-m row
15 push presses (95/135 lb)

","Time",,"13:00",FALSE,FALSE,FALSE,FALSE,FALSE,,
"CrossFit Yarmouth","CrossFit Yarmouth",03/17/2022,"CrossFit","CrossFit: 4:30 PM","Metcon",24671771,"Metcon","EMOM for 5:
3 squat cleans
Building to a heavy triple","Weight",,"115 lbs",FALSE,FALSE,FALSE,FALSE,FALSE,,"Did 120 but no form "
"CrossFit Yarmouth","CrossFit Yarmouth",03/23/2022,"CrossFit","HOME WOD","Metcon",24757856,"Metcon","3 rounds for time:
12 power snatches (95/65)
10 bar facing burpees","Time",,"7:30",FALSE,FALSE,FALSE,FALSE,FALSE,,"75# "
"CrossFit Yarmouth","CrossFit Yarmouth",03/29/2022,"CrossFit","CrossFit: 5:30 PM","Metcon",24850059,"Metcon","11 rounds for time:
200 m run
5 pull ups
5 push ups
10 air squats
weight vest optional
","Time",,"23:10",FALSE,FALSE,FALSE,FALSE,FALSE,,
"CrossFit Yarmouth","CrossFit Yarmouth",04/01/2022,"CrossFit","CrossFit: 9:00 AM","Metcon",24851074,"Metcon","15 burpees, jumping over the barbell
5 clean and jerks (155/225 lb)
12 burpees, jumping over the barbell
4 clean and jerks
9 burpees, jumping over the barbell
3 clean and jerks","Time",,"6:30",FALSE,FALSE,FALSE,FALSE,FALSE,,"115# "
"Dirigo Fitness","Dirigo Fitness",08/20/2018,"Adult Athlete","5:30 P.M","Weightlifting",25,"Bench Press",,"Weight",,"1 x 3 @ 135 lbs",FALSE,FALSE,FALSE,FALSE,FALSE,,
"Dirigo Fitness","Dirigo Fitness",09/04/2018,"Adult Athlete","5:30 P.M","Weightlifting",25,"Bench Press",,"Weight",,"1 x 1 @ 155 lbs",FALSE,FALSE,FALSE,FALSE,TRUE,"PR by 20 lbs vs. 135 on 08/20/2018",
"Dirigo Fitness","Dirigo Fitness",09/10/2018,"Adult Athlete","6:00 AM","Weightlifting",25,"Bench Press",,"Weight",,"4 x 10 @ 105 lbs",FALSE,FALSE,FALSE,FALSE,FALSE,,"31x1"
"Dirigo Fitness","Dirigo Fitness",10/15/2018,"Adult Athlete","6:00P.M","Weightlifting",25,"Bench Press",,"Weight",,"1 x 8 @ 15 lbs",FALSE,FALSE,FALSE,FALSE,FALSE,,"3 down 1 hold"
"Dirigo Fitness","Dirigo Fitness",10/22/2018,"Adult Athlete","6:00P.M","Weightlifting",25,"Bench Press",,"Weight",,"1 x 8 @ 115 lbs",FALSE,FALSE,FALSE,FALSE,TRUE,"PR by 100 lbs vs. 15 on 10/15/2018","31x1"
"Dirigo Fitness","Dirigo Fitness",11/19/2018,"Adult Athlete","6:00P.M","Weightlifting",25,"Bench Press",,"Weight","4 x 6(31x1) rest 2 mins between sets","1 x 6 @ 125 lbs",FALSE,FALSE,FALSE,FALSE,FALSE,,
"Dirigo Fitness","Dirigo Fitness",11/26/2018,"Adult Athlete","6:00P.M","Weightlifting",25,"Bench Press",,"Weight","5 x 5/5/3/3/2  rest 2 mins between sets","1 x 2 @ 135 lbs",FALSE,FALSE,FALSE,FALSE,FALSE,,
"Dirigo Fitness","Dirigo Fitness",12/18/2018,"Adult Athlete","6:00P.M","Weightlifting",25,"Bench Press",,"Weight","1 RM(20x0)","1 x 1 @ 155 lbs",FALSE,FALSE,FALSE,FALSE,FALSE,,
"Beacon & Yarmouth Community Fitness","Beacon & Yarmouth Community Fitness",03/13/2019,"Strict Strength and Skills"," 5:45 Core FUNction","Weightlifting",25,"Bench Press",,"Weight",,"1 x 6 @ 135 lbs",FALSE,FALSE,FALSE,FALSE,TRUE,"PR by 10 lbs vs. 125 on 11/19/2018",
"CrossFit Yarmouth",,12/18/2019,,,"Weightlifting",25,"Bench Press",,"Weight",,"5 x 5 @ 125 lbs",FALSE,FALSE,FALSE,FALSE,FALSE,,
"CrossFit Yarmouth",,10/24/2019,,,"Weightlifting",25,"Bench Press",,"Weight",,"1 x 1 @ 155 lbs",FALSE,FALSE,FALSE,FALSE,FALSE,,
"CrossFit Yarmouth",,06/09/2021,,,"Weightlifting",25,"Bench Press",,"Weight","50# dumbbells ","3 x 10 @ 100 lbs",FALSE,FALSE,FALSE,FALSE,FALSE,,
"CrossFit Yarmouth","CrossFit Yarmouth",06/21/2021,"CrossFit","CrossFit: 5:30 PM","Weightlifting",25,"Bench Press",,"Weight","8-8-8-8","4 x 8 @ 125 lbs",FALSE,FALSE,FALSE,FALSE,FALSE,,
"CrossFit Yarmouth","CrossFit Yarmouth",08/30/2021,"CrossFit","CrossFit: 4:30 PM","Weightlifting",25,"Bench Press",,"Weight","3-2-1-3-2-1","1 x 1 @ 160 lbs",FALSE,FALSE,FALSE,FALSE,TRUE,"PR by 5 lbs vs. 155 on 10/24/2019","2 x 155 was easy. failed at 165"
"CrossFit Yarmouth","CrossFit Yarmouth",10/12/2021,"CrossFit","CrossFit: 4:30 PM","Weightlifting",25,"Bench Press",,"Weight","5-3-1-5-3-1","1 x 1 @ 165 lbs",FALSE,FALSE,FALSE,FALSE,TRUE,"PR by 5 lbs vs. 160 on 08/30/2021","4x 155"
"CrossFit Yarmouth",,10/12/2021,,,"Weightlifting",25,"Bench Press",,"Weight",,"2 x 4 @ 155 lbs",FALSE,FALSE,FALSE,FALSE,FALSE,," "
"CrossFit Yarmouth","CrossFit Yarmouth",03/08/2022,"CrossFit","CrossFit: 4:30 PM","Weightlifting",25,"Bench Press",,"Weight","3-3-3-3-3","5 x 4 @ 140 lbs",FALSE,FALSE,FALSE,FALSE,FALSE,,"Did 5 reps often "
"CrossFit Yarmouth","CrossFit Yarmouth",03/23/2022,"CrossFit","HOME WOD","Weightlifting",25,"Bench Press",,"Weight","3-3-3-3-3","5 x 3 @ 135 lbs",FALSE,FALSE,FALSE,FALSE,FALSE,,"Could have done 140"
"CrossFit Yarmouth","CrossFit Yarmouth",06/01/2022,"CrossFit","CrossFit: 4:30 PM","Weightlifting",25,"Bench Press",,"Weight","5-5-3-3-1-1","2 x 1 @ 155 lbs",FALSE,FALSE,FALSE,FALSE,FALSE,,
"CrossFit Yarmouth","CrossFit Yarmouth",03/07/2023,"CrossFit","CrossFit: 4:30 PM","Weightlifting",25,"Bench Press",,"Weight","5x5, all reps @ 80%","5 x 5 @ 135 lbs",FALSE,FALSE,FALSE,FALSE,TRUE,"PR by 10 lbs vs. 125 on 12/18/2019","Could have done 140 probably "
"CrossFit Yarmouth",,09/14/2023,,,"Weightlifting",25,"Bench Press",,"Weight",,"3 x 5 @ 135 lbs",FALSE,FALSE,FALSE,FALSE,FALSE,,
"CrossFit Yarmouth","CrossFit Yarmouth",06/21/2024,"CrossFit","CrossFit: 12:00 PM","Weightlifting",25,"Bench Press",,"Weight","2-2-4-4-2-2
2's at 95%
4's at 80%","4 x 2 @ 165 lbs",FALSE,FALSE,FALSE,FALSE,TRUE,"PR by 1 reps vs. 1 on 10/12/2021"," "
"CrossFit Yarmouth","CrossFit Yarmouth",08/22/2024,"CrossFit","CrossFit: 12:00 PM","Weightlifting",25,"Bench Press",,"Weight","10-10-10","1 x 10 @ 125 lbs",FALSE,FALSE,FALSE,FALSE,TRUE,,"8 at 145"
"CrossFit Yarmouth","CrossFit Yarmouth",09/16/2024,"CrossFit","CrossFit: 12:00 PM","Weightlifting",25,"Bench Press",,"Weight","8-8-8-8","1 x 7 @ 130 lbs",FALSE,FALSE,FALSE,FALSE,FALSE,," "
"CrossFit Yarmouth","CrossFit Yarmouth",09/26/2025,"CrossFit","CrossFit: 12:00 PM","Weightlifting",25,"Bench Press",,"Weight",,"1 x 2 @ 165 lbs",FALSE,FALSE,FALSE,FALSE,FALSE,,
"CrossFit Yarmouth","CrossFit Yarmouth",09/12/2025,"CrossFit","CrossFit: 4:30 PM","Weightlifting",25,"Bench Press",,"Weight",,"1 x 3 @ 165 lbs",FALSE,FALSE,FALSE,FALSE,FALSE,,
"CrossFit Yarmouth",,10/10/2025,,,"Weightlifting",25,"Bench Press",,"Weight",,"2 x 1 @ 175 lbs",FALSE,FALSE,FALSE,FALSE,TRUE,"PR by 10 lbs vs. 165 on 01/03/2025",
"CrossFit Yarmouth","CrossFit Yarmouth",01/03/2025,"CrossFit","CrossFit: 12:00 PM","Weightlifting",25,"Bench Press",,"Weight",,"1 x 6 @ 165 lbs",FALSE,FALSE,FALSE,FALSE,TRUE,"PR by 2 reps vs. 4 on 12/04/2024","Could have done 170. Lots of warm up before."
"CrossFit Yarmouth","CrossFit Yarmouth",12/16/2024,"CrossFit","HOME WOD","Weightlifting",25,"Bench Press",,"Weight",,"2 x 4 @ 160 lbs",FALSE,FALSE,FALSE,FALSE,TRUE,"PR by 35 lbs vs. 125 on 12/18/2019",
"CrossFit Yarmouth","CrossFit Yarmouth",12/04/2024,"CrossFit","CrossFit: 12:00 PM","Weightlifting",25,"Bench Press",,"Weight","5-5-AMRAP","1 x 4 @ 165 lbs",FALSE,FALSE,FALSE,FALSE,TRUE,"PR by 2 reps vs. 2 on 06/21/2024","After building up"
"CrossFit Yarmouth","CrossFit Yarmouth",11/30/2022,"CrossFit","CrossFit: 4:30 PM","Weightlifting",27,"Bent Over Row",,"Weight","5x5
Building to a heavy set of 5 bent over barbell rows","5 x 5 @ 125 lbs",FALSE,FALSE,FALSE,FALSE,FALSE,," "
"CrossFit Yarmouth","CrossFit Yarmouth",10/17/2022,"CrossFit","CrossFit: 4:30 PM","Metcon",27575643,"Metcon","For time:
21-15-9:
Front squats (125/185 lb)
DB box step-overs (25/35 lb) (20 in)","Time",,"8:06",FALSE,FALSE,FALSE,FALSE,FALSE,,
"CrossFit Yarmouth","CrossFit Yarmouth",10/22/2022,"CrossFit","CrossFit: 8:00 AM","Metcon",27575958,"Metcon","<p>With a partner, sharing reps:<br />75/100 cal. bike<br />2:00 L-sit hold<br />100 wall-ball shots (14/20 lb) (9/10 ft)</p>","Time",,"12:35",FALSE,FALSE,FALSE,FALSE,FALSE,," "
"CrossFit Yarmouth","CrossFit Yarmouth",11/08/2022,"CrossFit","HOME WOD","Metcon",27854944,"Metcon","1,000 weighted box step-ups (35/45 lb) (20 in)

Share reps with partner; both working at the same time w a 45 minute cap.  Bring a back pack to load with a dumbbell or a weight vest if you have it.  90 degree angle or less at the knee on top of the box.","Time",,"45:00",FALSE,FALSE,FALSE,FALSE,FALSE,,"569 reps with 20# at 20”"
"CrossFit Yarmouth",,02/10/2020,,,"Weightlifting",28,"Clean",,"Weight",,"5 x 3 @ 115 lbs",FALSE,FALSE,FALSE,FALSE,FALSE,,"Could have done 120"
"CrossFit Yarmouth",,02/10/2020,,,"Weightlifting",28,"Clean",,"Weight",,"1 x 1 @ 125 lbs",FALSE,FALSE,FALSE,FALSE,TRUE,"PR by 10 lbs vs. 115 on 02/10/2020",
"CrossFit Yarmouth",,07/29/2019,,,"Weightlifting",28,"Clean",,"Weight",,"1 x 1 @ 75 lbs",FALSE,FALSE,FALSE,FALSE,FALSE,,
"CrossFit Yarmouth",,07/17/2019,,,"Weightlifting",28,"Clean",,"Weight",,"1 x 1 @ 95 lbs",FALSE,FALSE,FALSE,FALSE,FALSE,,
"CrossFit Yarmouth","CrossFit Yarmouth",11/30/2022,"CrossFit","CrossFit: 4:30 PM","Metcon",28140132,"CAP221204","<p>For time:</p><p>25 box jump overs (24/20)</p><p>800 m run or row</p><p>25 burpee box jump overs (24/20)</p>","Time",,"8:37",FALSE,FALSE,FALSE,FALSE,FALSE,," "
"CrossFit Yarmouth","CrossFit Yarmouth",12/21/2022,"CrossFit","CrossFit: 4:30 PM","Metcon",28421473,"CAP 221219","<header><p><strong>For time:</strong><br />150-ft DB walking lunges (35/50 lb)<br />50 alternating DB hang snatches<br />150-ft DB walking lunges<br />50 single-arm DB hang power cleans<br />150-ft DB walking lunges<br />50 lateral hops over DB<br />150-ft DB walking lunges<br />50 single-arm DB deadlift<br />– Use a single DB for all weighted movements.</p></header>","Time",,"16:50",FALSE,FALSE,FALSE,FALSE,FALSE,,
"CrossFit Yarmouth","CrossFit Yarmouth",01/03/2023,"CrossFit","HOME WOD","Metcon",28609587,"DB Burpee DLs and Rowing","<p>4 rounds for time</p><p>23 Cal Row</p><p>23 DB Burpee Deadlifts (50/35)</p>","Time",,"22:00",FALSE,FALSE,FALSE,FALSE,FALSE,,"35#"
"CrossFit Yarmouth","CrossFit Yarmouth",01/09/2023,"CrossFit","CrossFit: 12:00 PM","Metcon",28704705,"CF Open 17.5","<p><strong>10 rounds for time:</strong><br />9 thrusters (65/95 lb)<br />35 double-unders</p>","Time",,"14:04",FALSE,FALSE,FALSE,FALSE,FALSE,,"65# singles"
"CrossFit Yarmouth","CrossFit Yarmouth",01/10/2023,"CrossFit","CrossFit: 5:30 PM","Metcon",28704819,"011023","<p>AMRAP in 22:</p><p>20 burpees</p><p>15deadlifts (135/95)</p><p>10 power cleans (135/95)</p><p>20 box jumps</p>","AMRAP - Rounds and Reps",,"4 + 20",FALSE,FALSE,FALSE,FALSE,FALSE,,"75#, steps"
"CrossFit Yarmouth",,09/13/2019,,,"Weightlifting",29,"Clean and Jerk",,"Weight",,"2 x 1 @ 115 lbs",FALSE,FALSE,FALSE,FALSE,FALSE,,
"CrossFit Yarmouth","CrossFit Yarmouth",04/01/2022,"CrossFit","CrossFit: 9:00 AM","Weightlifting",29,"Clean and Jerk",,"Weight","2-2-2-1-1-1-1","1 x 1 @ 135 lbs",FALSE,FALSE,FALSE,FALSE,TRUE,"PR by 20 lbs vs. 115 on 09/13/2019","Mostly squat clean"
"CrossFit Yarmouth","CrossFit Yarmouth",02/16/2023,"CrossFit","HOME WOD","Metcon",29196567,"CAP 230215","<p><strong>EMOM 21:</strong><br />Minute 1 | DB manmakers (35/50 lb)<br />Minute 2 | 5 back squats<br />Minute 3 | rest<br />– Use two DBs for the manmakers.</p>","Weight",,"145 lbs",FALSE,FALSE,FALSE,FALSE,FALSE,,"30# db, 2k row warm up sub 8:50. Just did 145 for all"
"CrossFit Yarmouth","CrossFit Yarmouth",02/17/2023,"CrossFit","HOME WOD","Metcon",29196626,"Bear Necessities","<p>10 rounds for time:</p><p>1 Bear Complex (135/95)</p><p>2 burpees</p><p>3 box jump overs (24/20)</p>","Each Round",,"7:30",FALSE,FALSE,FALSE,FALSE,FALSE,,"85#"
"CrossFit Yarmouth","CrossFit Yarmouth",02/20/2023,"CrossFit","CrossFit: 9:00 AM","Metcon",29264290,"CrossFit Games Open 23.1 Scaled (Ages 16-54)","14 minutes of:
60-calorie row
50 hanging knee raises
40 wall-ball shots
30 cleans
20 chin-over-bar pull-ups

F: 10lb ball to 9ft target, 65lb
M: 14lb ball to 10ft target, 95lb","AMRAP - Reps",,"165 Reps",FALSE,FALSE,FALSE,FALSE,FALSE,,"95# clean knee raises 14# ball "
"CrossFit Yarmouth","CrossFit Yarmouth",02/28/2023,"CrossFit","HOME WOD","Metcon",29377620,"CAP 230228","<p>42/60 calorie row</p><p>then…</p><p>21-15-9-3:<br />Toes-to-bars<br />DB box step-ups (20/24 in) (35/50 lb)<br />Alternating DB snatches (35/50 lb)</p><p>then…</p><p>42/60 calorie row</p><p>– Use a single DB for step-ups and DB snatches.</p>","Time",,"21:24",FALSE,FALSE,FALSE,FALSE,FALSE,,"35# db, knees and some T2b"
"Dirigo Fitness","Dirigo Fitness",07/30/2018,"Adult Athlete","6:00 AM","Weightlifting",2943101,"1/2 Kneeling Landmine Press","https://www.youtube.com/watch?v=_ArzG9qz-yM","Weight",,"3 x 6 @ 10 lbs",FALSE,FALSE,FALSE,FALSE,FALSE,,
"CrossFit Yarmouth","CrossFit Yarmouth",03/07/2023,"CrossFit","CrossFit: 4:30 PM","Metcon",29495625,"Jump the Shart","<p>3 RFT:</p><p>15 burpee box jump overs (24/20)</p><p>30 kb swings (70/53)</p>","Each Round",,"9:03",FALSE,FALSE,FALSE,FALSE,FALSE,,"54# step overs "
"CrossFit Yarmouth","CrossFit Yarmouth",03/13/2023,"CrossFit","CrossFit: 6:30 AM","Metcon",29584456,"CAP230319","<p><strong>AMRAP 10:</strong><br />2 hang power clean and jerks (105/155 lb)<br />4 box jumps (20/24 in)<br />8 push-ups</p>","AMRAP - Rounds and Reps",,"10 + 6",FALSE,FALSE,FALSE,FALSE,FALSE,,
"Dirigo Fitness","Dirigo Fitness",12/11/2018,"Adult Athlete","6:00P.M","Gymnastics",3,"Pull-ups",,"Max reps",,"3 x 9",FALSE,FALSE,FALSE,FALSE,FALSE,,"With assistance band "
"Dirigo Fitness","Dirigo Fitness",07/30/2018,"Adult Athlete","6:00 AM","Weightlifting",3013369,"Trap Bar Deadlift (DF)","<p>https://www.youtube.com/watch?v=EbmS0VyZk-E</p>","Weight",,"3 x 8 @ 135 lbs",FALSE,FALSE,FALSE,FALSE,FALSE,,
"Dirigo Fitness","Dirigo Fitness",08/06/2018,"Adult Athlete","5:30 P.M","Weightlifting",3013369,"Trap Bar Deadlift (DF)","<p>https://www.youtube.com/watch?v=EbmS0VyZk-E</p>","Weight",,"3 x 8 @ 165 lbs",FALSE,FALSE,FALSE,FALSE,TRUE,"PR by 30 lbs vs. 135 on 07/30/2018",
"Dirigo Fitness","Dirigo Fitness",08/13/2018,"Adult Athlete","5:30 P.M","Weightlifting",3013369,"Trap Bar Deadlift (DF)","<p>https://www.youtube.com/watch?v=EbmS0VyZk-E</p>","Weight",,"3 x 8 @ 185 lbs",FALSE,FALSE,FALSE,FALSE,TRUE,"PR by 20 lbs vs. 165 on 08/06/2018",
"Dirigo Fitness","Dirigo Fitness",08/20/2018,"Adult Athlete","5:30 P.M","Weightlifting",3013369,"Trap Bar Deadlift (DF)","<p>https://www.youtube.com/watch?v=EbmS0VyZk-E</p>","Weight",,"3 x 8 @ 165 lbs",FALSE,FALSE,FALSE,FALSE,FALSE,,
"CrossFit Yarmouth",,06/09/2021,,,"Weightlifting",3057951,"Bench press double arm with two DB","Sit down on a utility bench with two dumbbells resting on the lower thighs. Kick weights to shoulder and lie back. Position the dumbbells to the sides of the chest with bent arms under each dumbbell.

Press the dumbbells up with the elbows to the sides until the arms are extended. Lower weights to the sides of the upper chest until a slight stretch is felt in the chest or shoulder. Repeat.

The dumbbells should follow a slight arch pattern, above the upper arm between the elbow and chest at the bottom, traveling inward over each shoulder at the top.","Weight",,"3 x 10 @ 100 lbs",FALSE,FALSE,FALSE,FALSE,FALSE,,"50# dumbbells "
"CrossFit Yarmouth","CrossFit Yarmouth",06/06/2023,"CrossFit","HOME WOD","Metcon",30906549,"CAP 230605","<p><strong>Conditioning challenge:</strong><br />20:00 to establish max meters on a machine of your choice.</p>","Distance",,"4220 meters",FALSE,FALSE,FALSE,FALSE,FALSE,,"Rowing "
"CrossFit Yarmouth","CrossFit Yarmouth",08/26/2025,"CrossFit","CrossFit: 12:00 PM","Weightlifting",31,"Deadlift",,"Weight",,"5 x 5 @ 145 lbs",FALSE,FALSE,FALSE,FALSE,FALSE,,
"Dirigo Fitness","Dirigo Fitness",07/19/2018,"Adult Athlete","5:30 P.M","Weightlifting",31,"Deadlift",,"Weight",,"4 x 8 @ 0 lbs",FALSE,FALSE,FALSE,FALSE,FALSE,,"125lb Trap Bar"
"Dirigo Fitness","Dirigo Fitness",09/13/2018,"Adult Athlete","6:00 AM","Weightlifting",31,"Deadlift",,"Weight",,"4 x 10 @ 100 lbs",FALSE,FALSE,FALSE,FALSE,TRUE,"PR by 100 lbs vs. 0 on 07/19/2018","work on glutes"
"Dirigo Fitness","Dirigo Fitness",11/01/2018,"Adult Athlete","6:00 AM","Weightlifting",31,"Deadlift",,"Weight",,"1 x 6 @ 175 lbs",FALSE,FALSE,FALSE,FALSE,TRUE,"PR by 75 lbs vs. 100 on 09/13/2018","31x1;off one plate"
"Dirigo Fitness","Dirigo Fitness",12/20/2018,"Adult Athlete","6:00P.M","Weightlifting",31,"Deadlift",,"Weight","1 RM","1 x 1 @ 225 lbs",FALSE,FALSE,FALSE,FALSE,TRUE,"PR by 50 lbs vs. 175 on 11/01/2018",
"CrossFit Yarmouth",,02/17/2020,,,"Weightlifting",31,"Deadlift",,"Weight",,"1 x 3 @ 235 lbs",FALSE,FALSE,FALSE,FALSE,TRUE,"PR by 10 lbs vs. 225 on 12/20/2018",
"CrossFit Yarmouth",,04/15/2023,,,"Weightlifting",31,"Deadlift",,"Weight",,"2 x 4 @ 235 lbs",FALSE,FALSE,FALSE,FALSE,TRUE,"PR by 1 reps vs. 3 on 02/17/2020",
"Dirigo Fitness","Dirigo Fitness",05/30/2018,"Adult Athlete","5:30 P.M","Weightlifting",3180037,"Barbell Bridge",,"Weight",,"3 x 6 @ 0 lbs",FALSE,FALSE,FALSE,FALSE,FALSE,,
"CrossFit Yarmouth",,12/08/2024,,,"Metcon",34267,"Fight Gone Bad","3 Rounds For Total Reps in 17 minutes.
1 minute Wall Ball Shots (20/14 lb)
1 minute Sumo Deadlift High-Pulls (75/55 lb)
1 minute Box Jumps (20 in)
1 minute Push Press (75/55 lb)
1 minute Row (calories)
1 minute Rest.","Each Round",,"195 Total Reps",FALSE,FALSE,TRUE,FALSE,FALSE,,"Rx weighted but steps"
"CrossFit Yarmouth","CrossFit Yarmouth",12/05/2024,"CrossFit","CrossFit: 12:00 PM","Metcon",34267,"Fight Gone Bad","3 Rounds For Total Reps in 17 minutes.
1 minute Wall Ball Shots (20/14 lb)
1 minute Sumo Deadlift High-Pulls (75/55 lb)
1 minute Box Jumps (20 in)
1 minute Push Press (75/55 lb)
1 minute Row (calories)
1 minute Rest.","Each Round",,"244 Total Reps",FALSE,FALSE,FALSE,FALSE,TRUE,,"14# wb, 55#"
"Beacon & Yarmouth Community Fitness","Beacon & Yarmouth Community Fitness",12/27/2018,"CrossFit","7:00 AM CrossFit","Weightlifting",35,"Front Squat",,"Weight","1 RM","1 x 1 @ 125 lbs",FALSE,FALSE,FALSE,FALSE,FALSE,,
"Beacon & Yarmouth Community Fitness",,02/07/2020,,,"Weightlifting",35,"Front Squat",,"Weight",,"5 x 3 @ 155 lbs",FALSE,FALSE,FALSE,FALSE,TRUE,"PR by 30 lbs vs. 125 on 12/27/2018",
"CrossFit Yarmouth",,04/02/2019,,,"Weightlifting",35,"Front Squat",,"Weight",,"1 x 1 @ 95 lbs",FALSE,FALSE,FALSE,FALSE,FALSE,,"Part of WOD"
"CrossFit Yarmouth","CrossFit Yarmouth",07/15/2020,"CrossFit","CrossFit: 4:30 PM","Weightlifting",35,"Front Squat",,"Weight","10-10-10-10","4 x 10 @ 125 lbs",FALSE,FALSE,FALSE,FALSE,FALSE,,"No shoulder pain yet"
"CrossFit Yarmouth","CrossFit Yarmouth",05/19/2021,"CrossFit","CrossFit: 5:30 PM","Weightlifting",35,"Front Squat",,"Weight","2-2-2-2-AMRAP","1 x 5 @ 165 lbs",FALSE,FALSE,FALSE,FALSE,TRUE,"PR by 40 lbs vs. 125 on 07/15/2020",
"CrossFit Yarmouth","CrossFit Yarmouth",07/14/2021,"CrossFit","CrossFit: 4:30 PM","Weightlifting",35,"Front Squat",,"Weight","4-4-4-4","1 x 4 @ 145 lbs",FALSE,FALSE,FALSE,FALSE,FALSE,,
"CrossFit Yarmouth","CrossFit Yarmouth",11/10/2021,"CrossFit","CrossFit: 4:30 PM","Weightlifting",35,"Front Squat",,"Weight","3-3-AMRAP","1 x 5 @ 170 lbs",FALSE,FALSE,FALSE,FALSE,TRUE,"PR by 5 lbs vs. 165 on 05/19/2021","Amrap"
"CrossFit Yarmouth",,07/25/2022,,,"Weightlifting",35,"Front Squat",,"Weight",,"3 x 6 @ 155 lbs",FALSE,FALSE,FALSE,FALSE,FALSE,,
"CrossFit Yarmouth","CrossFit Yarmouth",08/22/2022,"CrossFit","CrossFit: 6:30 AM","Weightlifting",35,"Front Squat",,"Weight","5-3-1","4 x 5 @ 135 lbs",FALSE,FALSE,FALSE,FALSE,FALSE,,
"CrossFit Yarmouth","CrossFit Yarmouth",12/23/2022,"CrossFit","HOME WOD","Weightlifting",35,"Front Squat",,"Weight","3-3-3-3","5 x 3 @ 165 lbs",FALSE,FALSE,FALSE,FALSE,FALSE,,"Bonus round at 185"
"CrossFit Yarmouth","CrossFit Yarmouth",03/13/2023,"CrossFit","CrossFit: 6:30 AM","Weightlifting",35,"Front Squat",,"Weight","5-5-5-5-5","5 x 5 @ 145 lbs",FALSE,FALSE,FALSE,FALSE,FALSE,,"Bonus for 155"
"CrossFit Yarmouth","CrossFit Yarmouth",03/25/2024,"CrossFit","CrossFit: 4:30 PM","Weightlifting",35,"Front Squat",,"Weight","3-3-3-3-AMRAP","1 x 4 @ 195 lbs",FALSE,FALSE,FALSE,FALSE,TRUE,"PR by 25 lbs vs. 170 on 11/10/2021","After building for 4 sets, then 3x at 195. Probably couldn’t do more "
"CrossFit Yarmouth",,03/07/2025,,,"Weightlifting",35,"Front Squat",,"Weight",,"3 x 10 @ 145 lbs",FALSE,FALSE,FALSE,FALSE,TRUE,"PR by 20 lbs vs. 125 on 07/15/2020","Part of E3mom"
"CrossFit Yarmouth","CrossFit Yarmouth",02/20/2024,"CrossFit","CrossFit: 5:30 PM","Metcon",35271417,"One Bite at a Time","<p>10 rounds for time:</p><p>3 pull ups</p><p>4 alt DB clean and jerk (50/35)</p><p>3 toes to bar</p><p>4 box jumps</p>","Time",,"11:18",FALSE,FALSE,FALSE,FALSE,FALSE,,
"CrossFit Yarmouth","CrossFit Yarmouth",03/06/2024,"CrossFit","CrossFit: 5:30 PM","Metcon",35515549,"Metcon","<p>E2MOM x 6</p><p>2 power cleans</p><p>2 front squats</p><p>1 shoulder to overhead</p><p>Add load each minute</p>","Weight",,"135 lbs",FALSE,FALSE,FALSE,FALSE,FALSE,,
"CrossFit Yarmouth","CrossFit Yarmouth",03/06/2024,"CrossFit","CrossFit: 5:30 PM","Metcon",35515578,"Metcon","<p><strong>3 rounds for time:</strong><br><span style=""background-color:rgb(255,255,255);color:rgb(26,26,26);font-size:16px;"">400-m run</span><br><span style=""background-color:rgb(255,255,255);color:rgb(26,26,26);font-size:16px;"">21 knees-to-elbows</span><br><span style=""background-color:rgb(255,255,255);color:rgb(26,26,26);font-size:16px;"">12 double-DB hang squat cleans (35/50 lb)</span></p>","Time",,"12:40",FALSE,FALSE,FALSE,FALSE,FALSE,,
"CrossFit Yarmouth","CrossFit Yarmouth",04/03/2024,"CrossFit","CrossFit: 12:00 PM","Metcon",35996962,"Metcon","<p>E2MOM x 6</p><p>1 deadlift</p><p>1 hang power clean</p><p>1 hang squat clean</p><p>2 push jerks</p><p>build to a heavy complex for the day</p>","Weight",,"125 lbs",FALSE,FALSE,FALSE,FALSE,FALSE,,
"CrossFit Yarmouth","CrossFit Yarmouth",04/22/2024,"CrossFit","CrossFit: 12:00 PM","Metcon",36379519,"CAP 240428","<p><strong>3 rounds for time:</strong><br><span style=""background-color:rgb(255,255,255);color:rgb(26,26,26);font-size:16px;"">30 alternating single-leg squats</span><br><span style=""background-color:rgb(255,255,255);color:rgb(26,26,26);font-size:16px;"">15 push jerks (65/95 lb)</span></p>","Time",,"6:30",FALSE,FALSE,FALSE,FALSE,FALSE,,"Scaled pistils, 65#"
"CrossFit Yarmouth","CrossFit Yarmouth",06/12/2024,"CrossFit","CrossFit: 12:00 PM","Metcon",37239402,"CAP 240614","<p><strong>For time:</strong><br><span style=""background-color:rgb(255,255,255);color:rgb(26,26,26);font-size:16px;"">30 sumo deadlift high pulls (55/75 lb)</span><br><span style=""background-color:rgb(255,255,255);color:rgb(26,26,26);font-size:16px;"">1:00 plank hold</span><br><span style=""background-color:rgb(255,255,255);color:rgb(26,26,26);font-size:16px;"">30 lateral burpees over the barbell</span><br><span style=""background-color:rgb(255,255,255);color:rgb(26,26,26);font-size:16px;"">1:00 plank hold</span><br><span style=""background-color:rgb(255,255,255);color:rgb(26,26,26);font-size:16px;"">30 sumo deadlift high pulls</span><br><span style=""background-color:rgb(255,255,255);color:rgb(26,26,26);font-size:16px;"">1:00 plank hold</span><br><span style=""background-color:rgb(255,255,255);color:rgb(26,26,26);font-size:16px;"">30 lateral burpees over the barbell</span><br><span style=""background-color:rgb(255,255,255);color:rgb(26,26,26);font-size:16px;"">– Plank hold time is accumulated.</span></p>","Time",,"13:04",FALSE,FALSE,FALSE,FALSE,FALSE,,"Bar only"
"CrossFit Yarmouth","CrossFit Yarmouth",06/18/2024,"CrossFit","CrossFit: 12:00 PM","Metcon",37355628,"Barbell Complex","<p><strong>7 sets:</strong><br><span style=""background-color:rgb(255,255,255);color:rgb(26,26,26);font-size:16px;"">3 push jerks + 1 split jerk</span></p><p> </p><p><span style=""background-color:rgb(255,255,255);color:rgb(26,26,26);font-size:16px;"">building</span></p>","Weight",,"115 lbs",FALSE,FALSE,FALSE,FALSE,FALSE,,"3 push + 1 split"
"Dirigo Fitness","Dirigo Fitness",09/03/2018,"Adult Athlete","6:00 AM","Gymnastics",378839,"Plank Hold",,"Max reps",,"1 x 0",FALSE,FALSE,FALSE,FALSE,FALSE,,"Right"
"Dirigo Fitness","Dirigo Fitness",09/03/2018,"Adult Athlete","6:00 AM","Gymnastics",378839,"Plank Hold",,"Max reps",,"1 x 0",FALSE,FALSE,FALSE,FALSE,FALSE,,"Left"
"CrossFit Yarmouth","CrossFit Yarmouth",02/01/2022,"CrossFit","CrossFit: 4:30 PM","Weightlifting",38,"Hang Power Clean",,"Weight","2-2-2-2","1 x 2 @ 65 lbs",FALSE,FALSE,FALSE,FALSE,FALSE,,"Form work with Sarah "
"CrossFit Yarmouth","CrossFit Yarmouth",01/24/2022,"CrossFit","CrossFit: 9:00 AM","Weightlifting",39,"Hang Power Snatch",,"Weight","3-3-3-3-3","1 x 3 @ 85 lbs",FALSE,FALSE,FALSE,FALSE,FALSE,,
"CrossFit Yarmouth","CrossFit Yarmouth",09/26/2024,"CrossFit","HOME WOD","Metcon",39005935,"Barbell Complex","<p>E2MOM x 8</p><p>1 power clean</p><p>1 hang squat clean</p><p>1 thruster</p><p>Build to a heavy barbell complex for the day</p>","Weight",,"95 lbs",FALSE,FALSE,FALSE,FALSE,FALSE,,"Stopped increasing as back was twinged "
"CrossFit Yarmouth","CrossFit Yarmouth",12/04/2024,"CrossFit","CrossFit: 12:00 PM","Metcon",40163925,"Metcon","<p>4 rounds for time:</p><p>4 burpees over the bar</p><p>6 pull ups</p><p>4 hang power cleans (135/95)</p>","Time",,"3:48",FALSE,FALSE,FALSE,FALSE,FALSE,,"95# some ring rows"
"CrossFit Yarmouth","CrossFit Yarmouth",12/16/2024,"CrossFit","HOME WOD","Metcon",40392970,"Metcon","<p>8 rounds for time:</p><p>3 strict pull ups</p><p>10 push ups</p><p>15 air squats</p><p>Add a vest if you like</p>","Time",,"8:30",FALSE,FALSE,FALSE,FALSE,FALSE,,
"CrossFit Yarmouth",,02/13/2020,,,"Weightlifting",40555,"Bear Complex","Power Clean
Front Squat
Push Press
Back Squat
Second Push Press","Weight",,"1 x 2 @ 115 lbs",FALSE,FALSE,FALSE,FALSE,FALSE,,
"CrossFit Yarmouth","CrossFit Yarmouth",01/16/2025,"CrossFit","HOME WOD","Metcon",40855766,"Metcon","<p>5 rounds for time w a partner:</p><p>16 burpees</p><p>16 DB snatches (50/35)</p><p>16 D Ball over the shoulder toss (90/70)</p><p>20 pull ups</p>","Time",,"14:00",FALSE,FALSE,FALSE,FALSE,FALSE,,"Rows #30"
"CrossFit Yarmouth","CrossFit Yarmouth",03/02/2020,"CrossFit","CrossFit: 5:30 PM","Weightlifting",45,"Overhead Squat",,"Weight","10-10-10","1 x 10 @ 65 lbs",FALSE,FALSE,FALSE,FALSE,FALSE,,
"CrossFit Yarmouth","CrossFit Yarmouth",07/15/2021,"CrossFit","CrossFit: 4:30 PM","Weightlifting",47,"Power Clean",,"Weight","1-1-1-1-1","1 x 1 @ 125 lbs",FALSE,FALSE,FALSE,FALSE,FALSE,,
"CrossFit Yarmouth","CrossFit Yarmouth",02/21/2022,"CrossFit","CrossFit: 4:30 PM","Weightlifting",47,"Power Clean",,"Weight","3-3-3-3","1 x 3 @ 125 lbs",FALSE,FALSE,FALSE,FALSE,TRUE,"PR by 2 reps vs. 1 on 07/15/2021"," "
"CrossFit Yarmouth","CrossFit Yarmouth",02/17/2023,"CrossFit","HOME WOD","Weightlifting",47,"Power Clean",,"Weight","8-6-4-2-2","1 x 2 @ 125 lbs",FALSE,FALSE,FALSE,FALSE,FALSE,,"Ugly "
"CrossFit Yarmouth","CrossFit Yarmouth",09/24/2025,"CrossFit","CrossFit: 12:00 PM","Weightlifting",47,"Power Clean",,"Weight",,"1 x 3 @ 115 lbs",FALSE,FALSE,FALSE,FALSE,FALSE,,
"CrossFit Yarmouth",,02/17/2020,,,"Weightlifting",48,"Power Snatch",,"Weight",,"1 x 2 @ 75 lbs",FALSE,FALSE,FALSE,FALSE,FALSE,,"Plus overhead squat"
"Beacon & Yarmouth Community Fitness","Beacon & Yarmouth Community Fitness",01/30/2019,"Strict Strength and Skills"," 5:45 Core FUNction","Metcon",4880882,"Blue Chip","<p style=""text-align:center;"">RX:<br>For time<br>500m Row<br>40 Air Squats<br>30 Sit Ups<br>20 Push Ups<br>10 Pull Ups</p><p style=""text-align:center;""><br> INTERMEDIATE:<br>For time<br>500m Row<br>40 Air Squats<br>30 Sit Ups<br>20 Push Ups<br>10 Pull Ups<br><br>FOUNDATIONS / CORE:<br>For time<br>500m Row or .5/6 mile Bike<br>40 Air Squats<br>30 Leg Rainbows<br>20 Elevated Push Ups<br>10 Ring Rows</p>","Time",,"6:08",FALSE,FALSE,TRUE,FALSE,FALSE,,
"CrossFit Yarmouth","CrossFit Yarmouth",07/23/2020,"CrossFit","CrossFit: 4:30 PM","Weightlifting",49,"Push Jerk",,"Weight","3-3-3-3-3","1 x 3 @ 105 lbs",FALSE,FALSE,FALSE,FALSE,FALSE,,
"CrossFit Yarmouth","CrossFit Yarmouth",05/18/2021,"CrossFit","CrossFit: 5:30 PM","Weightlifting",49,"Push Jerk",,"Weight","3-3-3-3","1 x 3 @ 120 lbs",FALSE,FALSE,FALSE,FALSE,TRUE,"PR by 15 lbs vs. 105 on 07/23/2020",
"CrossFit Yarmouth","CrossFit Yarmouth",01/27/2022,"CrossFit","CrossFit: 5:30 PM","Weightlifting",49,"Push Jerk",,"Weight","5-5-5-5-5","5 x 5 @ 115 lbs",FALSE,FALSE,FALSE,FALSE,FALSE,," "
"CrossFit Yarmouth","CrossFit Yarmouth",11/11/2022,"CrossFit","HOME WOD","Weightlifting",49,"Push Jerk",,"Weight","12-12-6-6","2 x 12 @ 75 lbs",FALSE,FALSE,FALSE,FALSE,FALSE,,"Plus 18 other reps at 75#"
"CrossFit Yarmouth","CrossFit Yarmouth",03/15/2024,"CrossFit","CrossFit: 12:00 PM","Weightlifting",49,"Push Jerk",,"Weight","3-3-3-3-3","1 x 3 @ 140 lbs",FALSE,FALSE,FALSE,FALSE,TRUE,"PR by 20 lbs vs. 120 on 05/18/2021","Solid"
"Beacon & Yarmouth Community Fitness","Beacon & Yarmouth Community Fitness",02/07/2019,"CrossFit","7:00 AM CrossFit","Weightlifting",50,"Push Press",,"Weight","2 RM in 4 min","1 x 2 @ 95 lbs",FALSE,FALSE,FALSE,FALSE,FALSE,,
"CrossFit Yarmouth",,02/17/2020,,,"Weightlifting",50,"Push Press",,"Weight",,"5 x 3 @ 115 lbs",FALSE,FALSE,FALSE,FALSE,TRUE,"PR by 10 lbs vs. 105 on 08/28/2019","Could have done 120"
"CrossFit Yarmouth",,08/28/2019,,,"Weightlifting",50,"Push Press",,"Weight",,"55 x 5 @ 105 lbs",FALSE,FALSE,FALSE,FALSE,TRUE,"PR by 10 lbs vs. 95 on 02/07/2019","From the rig"
"CrossFit Yarmouth",,02/18/2020,,,"Weightlifting",50,"Push Press",,"Weight",,"4 x 3 @ 135 lbs",FALSE,FALSE,FALSE,FALSE,TRUE,"PR by 20 lbs vs. 115 on 02/17/2020",
"CrossFit Yarmouth",,08/03/2020,,,"Weightlifting",50,"Push Press",,"Weight",,"4 x 3 @ 115 lbs",FALSE,FALSE,FALSE,FALSE,FALSE,,
"CrossFit Yarmouth","CrossFit Yarmouth",08/03/2020,"CrossFit","SCORES SCORES SCORES","Weightlifting",50,"Push Press",,"Weight","3-3-3-3-3","4 x 3 @ 115 lbs",FALSE,FALSE,FALSE,FALSE,FALSE,,"Could’ve done 120 maybe "
"CrossFit Yarmouth","CrossFit Yarmouth",05/18/2021,"CrossFit","CrossFit: 5:30 PM","Weightlifting",50,"Push Press",,"Weight","3-3-3-3","1 x 3 @ 115 lbs",FALSE,FALSE,FALSE,FALSE,FALSE,,
"CrossFit Yarmouth","CrossFit Yarmouth",07/21/2021,"CrossFit","CrossFit: 4:30 PM","Weightlifting",50,"Push Press",,"Weight","5-5-3-2-1-1-1-1","1 x 1 @ 135 lbs",FALSE,FALSE,FALSE,FALSE,FALSE,,
"CrossFit Yarmouth",,11/04/2021,,,"Weightlifting",50,"Push Press",,"Weight",,"3 x 5 @ 95 lbs",FALSE,FALSE,FALSE,FALSE,FALSE,,"At SE"
"CrossFit Yarmouth","CrossFit Yarmouth",08/27/2025,"CrossFit","CrossFit: 12:00 PM","Weightlifting",52,"Shoulder Press",,"Weight",,"3 x 3 @ 95 lbs",FALSE,FALSE,FALSE,FALSE,FALSE,,
"Beacon & Yarmouth Community Fitness","Beacon & Yarmouth Community Fitness",02/07/2019,"CrossFit","7:00 AM CrossFit","Weightlifting",52,"Shoulder Press",,"Weight","3 RM in 4 min","1 x 3 @ 85 lbs",FALSE,FALSE,FALSE,FALSE,FALSE,,
"CrossFit Yarmouth",,01/08/2020,,,"Weightlifting",52,"Shoulder Press",,"Weight",,"8 x 1 @ 70 lbs",FALSE,FALSE,FALSE,FALSE,FALSE,,
"CrossFit Yarmouth",,12/02/2019,,,"Weightlifting",52,"Shoulder Press",,"Weight",,"1 x 4 @ 95 lbs",FALSE,FALSE,FALSE,FALSE,TRUE,"PR by 10 lbs vs. 85 on 02/07/2019","From the rack"
"CrossFit Yarmouth","CrossFit Yarmouth",02/25/2020,"CrossFit","CrossFit: 5:30 PM","Weightlifting",52,"Shoulder Press",,"Weight","5-5-5-5-5","5 x 5 @ 85 lbs",FALSE,FALSE,FALSE,FALSE,FALSE,,"3 sets @ 85#, 2 @ 65#"
"CrossFit Yarmouth","CrossFit Yarmouth",03/03/2020,"CrossFit","CrossFit: 5:30 PM","Weightlifting",52,"Shoulder Press",,"Weight","10-10-10","3 x 10 @ 0 lbs",FALSE,FALSE,FALSE,FALSE,FALSE,,"Did toes to rig due to shoulder "
"CrossFit Yarmouth","CrossFit Yarmouth",08/18/2020,"CrossFit","CrossFit: 12:00 PM","Weightlifting",52,"Shoulder Press",,"Weight","5-3-3-3-1-1-1","1 x 1 @ 90 lbs",FALSE,FALSE,FALSE,FALSE,FALSE,,"Could not do more weight "
"CrossFit Yarmouth","CrossFit Yarmouth",06/01/2021,"CrossFit","CrossFit: 5:30 PM","Weightlifting",52,"Shoulder Press",,"Weight","12-12-12","3 x 12 @ 70 lbs",FALSE,FALSE,FALSE,FALSE,FALSE,,
"CrossFit Yarmouth","CrossFit Yarmouth",03/16/2022,"CrossFit","CrossFit: 9:00 AM","Weightlifting",52,"Shoulder Press",,"Weight","3-3-3-3-3","5 x 3 @ 90 lbs",FALSE,FALSE,FALSE,FALSE,FALSE,," "
"CrossFit Yarmouth",,04/10/2023,,,"Weightlifting",52,"Shoulder Press",,"Weight",,"3 x 7 @ 75 lbs",FALSE,FALSE,FALSE,FALSE,FALSE,,
"CrossFit Yarmouth",,04/24/2023,,,"Weightlifting",52,"Shoulder Press",,"Weight",,"3 x 5 @ 85 lbs",FALSE,FALSE,FALSE,FALSE,FALSE,,
"CrossFit Yarmouth","CrossFit Yarmouth",06/12/2024,"CrossFit","CrossFit: 12:00 PM","Weightlifting",52,"Shoulder Press",,"Weight","2-2-4-4-2-2","4 x 2 @ 105 lbs",FALSE,FALSE,FALSE,FALSE,TRUE,"PR by 10 lbs vs. 95 on 12/02/2019",
"CrossFit Yarmouth",,04/24/2023,,,"Weightlifting",53,"Single Arm Dumbbell Press",,"Weight",,"3 x 5 @ 30 lbs",FALSE,FALSE,FALSE,FALSE,FALSE,,"Each arm, really 25 on left"
"CrossFit Yarmouth","CrossFit Yarmouth",07/22/2020,"CrossFit","CrossFit: 4:30 PM","Weightlifting",5732022,"Back Rack Lunge",,"Weight","8-8-8-8-8","1 x 8 @ 105 lbs",FALSE,FALSE,FALSE,FALSE,FALSE,,"Knee pain "
"CrossFit Yarmouth","CrossFit Yarmouth",03/28/2022,"CrossFit","CrossFit: 4:30 PM","Weightlifting",5732022,"Back Rack Lunge",,"Weight","4-4-4-4-4","1 x 4 @ 145 lbs",FALSE,FALSE,FALSE,FALSE,TRUE,"PR by 40 lbs vs. 105 on 07/22/2020","failed at 155"
"CrossFit Yarmouth",,05/10/2021,,,"Weightlifting",61,"Squat Clean",,"Weight","2x2x2x2","4 x 2 @ 95 lbs",FALSE,FALSE,FALSE,FALSE,FALSE,,
"CrossFit Yarmouth",,05/10/2021,,,"Weightlifting",61,"Squat Clean",,"Weight","Rep max","1 x 1 @ 115 lbs",FALSE,FALSE,FALSE,FALSE,TRUE,"PR by 20 lbs vs. 95 on 05/10/2021",
"CrossFit Yarmouth","CrossFit Yarmouth",03/09/2022,"CrossFit","HOME WOD","Weightlifting",61,"Squat Clean",,"Weight","3-3-3-3","1 x 3 @ 125 lbs",FALSE,FALSE,FALSE,FALSE,TRUE,"PR by 10 lbs vs. 115 on 05/10/2021",
"CrossFit Yarmouth",,03/17/2022,,,"Weightlifting",61,"Squat Clean",,"Weight",,"5 x 3 @ 115 lbs",FALSE,FALSE,FALSE,FALSE,FALSE,,
"Dirigo Fitness","Dirigo Fitness",07/10/2018,"Adult Athlete","5:30 P.M","Weightlifting",6346300,"T Bar Rows","Use the T-Bar Attatchment and the landmine attatchment to set up. 
These rows are done in a deadlift stance over the bar. Slightly upright torso. Focus on the squeeze and a slow lower. ","Weight",,"1 x 8 @ 0 lbs",FALSE,FALSE,FALSE,FALSE,FALSE,,
"Dirigo Fitness","Dirigo Fitness",07/24/2018,"Adult Athlete","5:30 P.M","Weightlifting",6346300,"T Bar Rows","Use the T-Bar Attatchment and the landmine attatchment to set up. 
These rows are done in a deadlift stance over the bar. Slightly upright torso. Focus on the squeeze and a slow lower. ","Weight",,"0 x 0 @ 0 lbs",FALSE,FALSE,FALSE,FALSE,FALSE,,
"CrossFit Yarmouth",,10/28/2019,,,"Weightlifting",64,"Sumo Deadlift",,"Weight",,"1 x 3 @ 275 lbs",FALSE,FALSE,FALSE,FALSE,FALSE,,
"CrossFit Yarmouth","CrossFit Yarmouth",03/03/2020,"CrossFit","CrossFit: 5:30 PM","Weightlifting",64,"Sumo Deadlift",,"Weight","7-5-3-3-5-7","2 x 3 @ 255 lbs",FALSE,FALSE,FALSE,FALSE,FALSE,,
"CrossFit Yarmouth","CrossFit Yarmouth",07/01/2020,"CrossFit","CrossFit: 4:30 PM","Weightlifting",64,"Sumo Deadlift",,"Weight","5-5-3-3-1-1-1","1 x 1 @ 255 lbs",FALSE,FALSE,FALSE,FALSE,FALSE,,"After 5x5x3x3x1 and a long time off"
"CrossFit Yarmouth","CrossFit Yarmouth",08/05/2020,"CrossFit","SCORES SCORES SCORES","Weightlifting",64,"Sumo Deadlift",,"Weight","4-4-4-4","4 x 4 @ 215 lbs",FALSE,FALSE,FALSE,FALSE,FALSE,,
"CrossFit Yarmouth","CrossFit Yarmouth",05/07/2021,"CrossFit","CrossFit: 5:30 PM","Weightlifting",64,"Sumo Deadlift",,"Weight","2x2x2x2","4 x 2 @ 215 lbs",FALSE,FALSE,FALSE,FALSE,FALSE,,"Light to start back"
"CrossFit Yarmouth","CrossFit Yarmouth",05/24/2021,"CrossFit","CrossFit: 5:30 PM","Weightlifting",64,"Sumo Deadlift",,"Weight","12-12-12","1 x 12 @ 185 lbs",FALSE,FALSE,FALSE,FALSE,FALSE,,
"CrossFit Yarmouth","CrossFit Yarmouth",06/02/2021,"CrossFit","CrossFit: 5:30 PM","Weightlifting",64,"Sumo Deadlift",,"Weight","10-10-10","3 x 10 @ 205 lbs",FALSE,FALSE,FALSE,FALSE,FALSE,,
"CrossFit Yarmouth","CrossFit Yarmouth",06/25/2021,"CrossFit","CrossFit: 4:30 PM","Weightlifting",64,"Sumo Deadlift",,"Weight","6-6-6-6","4 x 6 @ 235 lbs",FALSE,FALSE,FALSE,FALSE,FALSE,,
"CrossFit Yarmouth","CrossFit Yarmouth",07/19/2021,"CrossFit","CrossFit: 4:30 PM","Weightlifting",64,"Sumo Deadlift",,"Weight","3-3-3-3-3","1 x 3 @ 275 lbs",FALSE,FALSE,FALSE,FALSE,FALSE,,
"CrossFit Yarmouth","CrossFit Yarmouth",08/04/2021,"CrossFit","CrossFit: 4:30 PM","Weightlifting",64,"Sumo Deadlift",,"Weight","6-4-2-6-4-2","2 x 2 @ 285 lbs",FALSE,FALSE,FALSE,FALSE,TRUE,"PR by 10 lbs vs. 275 on 10/28/2019","With belt "
"CrossFit Yarmouth","CrossFit Yarmouth",10/17/2022,"CrossFit","CrossFit: 4:30 PM","Weightlifting",64,"Sumo Deadlift",,"Weight","5-7-10-10","1 x 10 @ 235 lbs",FALSE,FALSE,FALSE,FALSE,TRUE,"PR by 30 lbs vs. 205 on 06/02/2021",
"CrossFit Yarmouth","CrossFit Yarmouth",12/05/2022,"CrossFit","CrossFit: 4:30 PM","Weightlifting",64,"Sumo Deadlift",,"Weight","15-15-15
All reps at 60%","3 x 15 @ 165 lbs",FALSE,FALSE,FALSE,FALSE,FALSE,," "
"CrossFit Yarmouth","CrossFit Yarmouth",12/21/2022,"CrossFit","CrossFit: 4:30 PM","Weightlifting",64,"Sumo Deadlift",,"Weight","20 rep max","1 x 20 @ 175 lbs",FALSE,FALSE,FALSE,FALSE,FALSE,,
"CrossFit Yarmouth","CrossFit Yarmouth",02/20/2024,"CrossFit","CrossFit: 5:30 PM","Weightlifting",64,"Sumo Deadlift",,"Weight","3-3-3-3-3","1 x 3 @ 265 lbs",FALSE,FALSE,FALSE,FALSE,FALSE,,
"CrossFit Yarmouth","CrossFit Yarmouth",10/02/2024,"CrossFit","CrossFit: 12:00 PM","Weightlifting",64,"Sumo Deadlift",,"Weight","3-3-3-3-3","1 x 3 @ 265 lbs",FALSE,FALSE,FALSE,FALSE,FALSE,," "
"Beacon & Yarmouth Community Fitness","Beacon & Yarmouth Community Fitness",12/28/2018,"CrossFit","7:00 AM CrossFit","Metcon",6525795,"Sled Push max wt 8 seconds ","Sled push max wt 8 seconds","Weight",,"195 lbs",FALSE,FALSE,FALSE,FALSE,FALSE,,
"Dirigo Fitness","Dirigo Fitness",10/18/2018,"Adult Athlete","6:00 AM","Weightlifting",6562490,"Landmine Press (Standing) ","https://www.youtube.com/watch?v=jCfcGei-NqM","Weight",,"4 x 6 @ 125 lbs",FALSE,FALSE,FALSE,FALSE,FALSE,,
"Dirigo Fitness","Dirigo Fitness",11/01/2018,"Adult Athlete","6:00 AM","Weightlifting",6562490,"Landmine Press (Standing) ","https://www.youtube.com/watch?v=jCfcGei-NqM","Weight",,"4 x 6 @ 132.5 lbs",FALSE,FALSE,FALSE,FALSE,TRUE,"PR by 7.5 lbs vs. 125 on 10/18/2018",
"CrossFit Yarmouth",,06/21/2019,,,"Weightlifting",67,"Thruster",,"Weight",,"1 x 3 @ 85 lbs",FALSE,FALSE,FALSE,FALSE,FALSE,,"85 x 3 could do 90#"
"CrossFit Yarmouth","CrossFit Yarmouth",01/09/2023,"CrossFit","CrossFit: 12:00 PM","Weightlifting",67,"Thruster",,"Weight","3-3-3-3-3","5 x 3 @ 115 lbs",FALSE,FALSE,FALSE,FALSE,TRUE,"PR by 30 lbs vs. 85 on 06/21/2019"," "
"Dirigo Fitness","Dirigo Fitness",05/30/2018,"Adult Athlete","5:30 P.M","Gymnastics",6952148,"Squat Jumps","https://www.youtube.com/watch?v=72BSZupb-1I

","Max reps",,"3 x 0",FALSE,FALSE,FALSE,FALSE,FALSE,,
"CrossFit Yarmouth","CrossFit Yarmouth",03/29/2024,"CrossFit","CrossFit: 12:00 PM","Metcon",7183109,"CrossFit Games Open 17.1","For time:
10 snatches
15 burpee box jump-overs
20 snatches
15 burpee box jump-overs
30 snatches
15 burpee box jump-overs
40 snatches
15 burpee box jump-overs
50 snatches
15 burpee box jump-overs

M: 50-lb. dumbbell / 24-in. box
F: 35-lb. dumbbell / 20-in. box

Time cap: 20 minutes","Time",,"19:45",FALSE,FALSE,FALSE,FALSE,FALSE,,"30# box step overs "
"Dirigo Fitness","Dirigo Fitness",05/30/2018,"Adult Athlete","5:30 P.M","Metcon",718353," AirDyne Tabata","8 rounds:
20s work
10s rest","Calories",,"0 Calories",FALSE,FALSE,FALSE,FALSE,FALSE,,
"Dirigo Fitness","Dirigo Fitness",07/10/2018,"Adult Athlete","5:30 P.M","Weightlifting",7438250,"Box Squat (Loaded)","https://www.youtube.com/watch?v=mjm3W3tQejM","Weight",,"5 x 8 @ 90 lbs",FALSE,FALSE,FALSE,FALSE,FALSE,,"small box and 25"
"Dirigo Fitness","Dirigo Fitness",07/17/2018,"Adult Athlete","5:30 P.M","Weightlifting",7438250,"Box Squat (Loaded)","https://www.youtube.com/watch?v=mjm3W3tQejM","Weight",,"5 x 8 @ 95 lbs",FALSE,FALSE,FALSE,FALSE,TRUE,"PR by 5 lbs vs. 90 on 07/10/2018","31x1"
"Dirigo Fitness","Dirigo Fitness",07/24/2018,"Adult Athlete","5:30 P.M","Weightlifting",7438250,"Box Squat (Loaded)","https://www.youtube.com/watch?v=mjm3W3tQejM","Weight",,"1 x 6 @ 105 lbs",FALSE,FALSE,FALSE,FALSE,TRUE,"PR by 10 lbs vs. 95 on 07/17/2018","31x1"
"Dirigo Fitness","Dirigo Fitness",11/27/2018,"Adult Athlete","6:00P.M","Weightlifting",7438250,"Box Squat (Loaded)","https://www.youtube.com/watch?v=mjm3W3tQejM","Weight","5 x 5/5/3/3/2  rest 2 mins between sets","1 x 4 @ 155 lbs",FALSE,FALSE,FALSE,FALSE,TRUE,"PR by 50 lbs vs. 105 on 07/24/2018",
"Dirigo Fitness","Dirigo Fitness",12/11/2018,"Adult Athlete","6:00P.M","Weightlifting",7438250,"Box Squat (Loaded)","https://www.youtube.com/watch?v=mjm3W3tQejM","Weight","5 x 5/3/2/2/1  ","1 x 1 @ 185 lbs",FALSE,FALSE,FALSE,FALSE,TRUE,"PR by 30 lbs vs. 155 on 11/27/2018","small box + 45"
"Dirigo Fitness","Dirigo Fitness",07/10/2018,"Adult Athlete","5:30 P.M","Weightlifting",7634811,"Front Foot Elevated Reverse Lunge",,"Weight",,"3 x 8 @ 0 lbs",FALSE,FALSE,FALSE,FALSE,FALSE,,
"Dirigo Fitness","Dirigo Fitness",07/24/2018,"Adult Athlete","5:30 P.M","Weightlifting",7634811,"Front Foot Elevated Reverse Lunge",,"Weight",,"3 x 8 @ 10 lbs",FALSE,FALSE,FALSE,FALSE,FALSE,,
"Dirigo Fitness","Dirigo Fitness",09/04/2018,"Adult Athlete","5:30 P.M","Metcon",79,"2k Row","Max Effort 2k Row","Time",,"8:38",FALSE,FALSE,FALSE,FALSE,FALSE,,
"Dirigo Fitness","Dirigo Fitness",12/18/2018,"Adult Athlete","6:00P.M","Metcon",79,"2k Row","Max Effort 2k Row","Time",,"8:40",FALSE,FALSE,TRUE,FALSE,FALSE,,
"CrossFit Yarmouth",,08/14/2021,,,"Metcon",79,"2k Row","Max Effort 2k Row","Time",,"8:49",FALSE,FALSE,FALSE,FALSE,FALSE,,"At home "
"Dirigo Fitness","Dirigo Fitness",05/30/2018,"Adult Athlete","5:30 P.M","Gymnastics",8126591,"Side-To-Side Plank",,"Max reps",,"3 x 0",FALSE,FALSE,FALSE,FALSE,FALSE,,
"Dirigo Fitness","Dirigo Fitness",07/10/2018,"Adult Athlete","5:30 P.M","Weightlifting",8563507,"Russian Ab Twist",,"Weight",,"3 x 20 @ 20 lbs",FALSE,FALSE,FALSE,FALSE,FALSE,,
"Dirigo Fitness","Dirigo Fitness",07/24/2018,"Adult Athlete","5:30 P.M","Weightlifting",8563507,"Russian Ab Twist",,"Weight",,"3 x 30 @ 14 lbs",FALSE,FALSE,FALSE,FALSE,FALSE,,
"Dirigo Fitness","Dirigo Fitness",11/05/2018,"Adult Athlete","6:00P.M","Weightlifting",8716458,"Barbell Good Mornings","https://www.youtube.com/watch?v=zV1XPKiCFsY","Weight",,"3 x 10 @ 85 lbs",FALSE,FALSE,FALSE,FALSE,FALSE,,
"Dirigo Fitness","Dirigo Fitness",11/26/2018,"Adult Athlete","6:00P.M","Weightlifting",8716458,"Barbell Good Mornings","https://www.youtube.com/watch?v=zV1XPKiCFsY","Weight","3 x 10","3 x 10 @ 90 lbs",FALSE,FALSE,FALSE,FALSE,TRUE,"PR by 5 lbs vs. 85 on 11/05/2018",
"Dirigo Fitness","Dirigo Fitness",07/19/2018,"Adult Athlete","5:30 P.M","Weightlifting",8927289,"Sled Drag",,"Weight",,"3 x 40 @ 60 lbs",FALSE,FALSE,FALSE,FALSE,FALSE,,
"Dirigo Fitness","Dirigo Fitness",08/13/2018,"Adult Athlete","5:30 P.M","Weightlifting",8935879,"DB Shoulder Press",,"Weight",,"3 x 10 @ 20 lbs",FALSE,FALSE,FALSE,FALSE,FALSE,,
"Dirigo Fitness","Dirigo Fitness",08/20/2018,"Adult Athlete","5:30 P.M","Weightlifting",8935879,"DB Shoulder Press",,"Weight",,"3 x 10 @ 15 lbs",FALSE,FALSE,FALSE,FALSE,FALSE,,
"Dirigo Fitness","Dirigo Fitness",08/27/2018,"Adult Athlete","5:30 P.M","Weightlifting",8935879,"DB Shoulder Press",,"Weight",,"3 x 10 @ 20 lbs",FALSE,FALSE,FALSE,FALSE,FALSE,,
"CrossFit Yarmouth","CrossFit Yarmouth",05/08/2021,"CrossFit","CrossFit: 9:30 AM","Metcon",91,"Annie","50-40-30-20-10  
Double-unders  
Sit-ups","Time",,"9:20",FALSE,FALSE,FALSE,FALSE,FALSE,,"sinkles"
"Dirigo Fitness","Dirigo Fitness",07/19/2018,"Adult Athlete","5:30 P.M","Weightlifting",9189613,"OH Tricep Extensions","https://www.youtube.com/watch?v=QbuaXgugLtg","Weight",,"1 x 10 @ 30 lbs",FALSE,FALSE,FALSE,FALSE,FALSE,,
"Dirigo Fitness","Dirigo Fitness",09/13/2018,"Adult Athlete","6:00 AM","Weightlifting",9258076,"Close-Grip Floor Press",,"Weight",,"1 x 6 @ 110 lbs",FALSE,FALSE,FALSE,FALSE,FALSE,,"030"
"Dirigo Fitness","Dirigo Fitness",09/27/2018,"Adult Athlete","6:00 AM","Weightlifting",9258076,"Close-Grip Floor Press",,"Weight",,"4 x 6 @ 100 lbs",FALSE,FALSE,FALSE,FALSE,FALSE,,
"Dirigo Fitness","Dirigo Fitness",10/04/2018,"Adult Athlete","6:00 AM","Weightlifting",9258076,"Close-Grip Floor Press",,"Weight",,"1 x 6 @ 110 lbs",FALSE,FALSE,FALSE,FALSE,FALSE,,"030"
"Dirigo Fitness","Dirigo Fitness",10/11/2018,"Adult Athlete","6:00P.M","Weightlifting",9258076,"Close-Grip Floor Press",,"Weight",,"1 x 6 @ 120 lbs",FALSE,FALSE,FALSE,FALSE,TRUE,"PR by 10 lbs vs. 110 on 09/13/2018",
"Dirigo Fitness","Dirigo Fitness",05/30/2018,"Adult Athlete","5:30 P.M","Weightlifting",9662815,"Landmine Meadows Row","https://www.youtube.com/watch?v=uVQbOHgjOUI","Weight",,"3 x 8 @ 0 lbs",FALSE,FALSE,FALSE,FALSE,FALSE,,
